invoice_no,stock_code,quantity,unit_price,line_total
536365,85123A,6,2.55,15.299999999999999
536365,71053,6,3.39,20.34
536365,84406B,8,2.75,22.0
536365,84029G,6,3.39,20.34
536365,84029E,6,3.39,20.34
536365,22752,2,7.65,15.3
536365,21730,6,4.25,25.5
536366,22633,6,1.85,11.100000000000001
536366,22632,6,1.85,11.100000000000001
536367,84879,32,1.69,54.08
536367,22745,6,2.1,12.600000000000001
536367,22748,6,2.1,12.600000000000001
536367,22749,8,3.75,30.0
536367,22310,6,1.65,9.899999999999999
536367,84969,6,4.25,25.5
536367,22623,3,4.95,14.850000000000001
536367,22622,2,9.95,19.9
536367,21754,3,5.95,17.85
536367,21755,3,5.95,17.85
536367,21777,4,7.95,31.8
536367,48187,4,7.95,31.8
536368,22960,6,4.25,25.5
536368,22913,3,4.95,14.850000000000001
536368,22912,3,4.95,14.850000000000001
536368,22914,3,4.95,14.850000000000001
536369,21756,3,5.95,17.85
536370,22728,24,3.75,90.0
536370,22727,24,3.75,90.0
536370,22726,12,3.75,45.0
536370,21724,12,0.85,10.2
536370,21883,24,0.65,15.600000000000001
536370,10002,48,0.85,40.8
536370,21791,24,1.25,30.0
536370,21035,18,2.95,53.1
536370,22326,24,2.95,70.80000000000001
536370,22629,24,1.95,46.8
536370,22659,24,1.95,46.8
536370,22631,24,1.95,46.8
536370,22661,20,0.85,17.0
536370,21731,24,1.65,39.599999999999994
536370,22900,24,2.95,70.80000000000001
536370,21913,12,3.75,45.0
536370,22540,24,0.42,10.08
536370,22544,24,0.42,10.08
536370,22492,36,0.65,23.400000000000002
536371,22086,80,2.55,204.0
536372,22632,6,1.85,11.100000000000001
536372,22633,6,1.85,11.100000000000001
536373,85123A,6,2.55,15.299999999999999
536373,71053,6,3.39,20.34
536373,84406B,8,2.75,22.0
536373,20679,6,4.95,29.700000000000003
536373,37370,6,1.06,6.36
536373,21871,6,1.06,6.36
536373,21071,6,1.06,6.36
536373,21068,6,1.06,6.36
536373,82483,2,4.95,9.9
536373,82486,4,6.95,27.8
536373,82482,6,2.1,12.600000000000001
536373,82494L,6,2.55,15.299999999999999
536373,84029G,6,3.39,20.34
536373,84029E,6,3.39,20.34
536373,22752,2,7.65,15.3
536373,21730,6,4.25,25.5
536374,21258,32,10.95,350.4
536375,85123A,6,2.55,15.299999999999999
536375,71053,6,3.39,20.34
536375,84406B,8,2.75,22.0
536375,20679,6,4.95,29.700000000000003
536375,37370,6,1.06,6.36
536375,21871,6,1.06,6.36
536375,21071,6,1.06,6.36
536375,21068,6,1.06,6.36
536375,82483,2,4.95,9.9
536375,82486,4,6.95,27.8
536375,82482,6,2.1,12.600000000000001
536375,82494L,6,2.55,15.299999999999999
536375,84029G,6,3.39,20.34
536375,84029E,6,3.39,20.34
536375,22752,2,7.65,15.3
536375,21730,6,4.25,25.5
536376,22114,48,3.45,165.60000000000002
536376,21733,64,2.55,163.2
536377,22632,6,1.85,11.100000000000001
536377,22633,6,1.85,11.100000000000001
536378,22386,10,1.95,19.5
536378,85099C,10,1.95,19.5
536378,21033,10,2.95,29.5
536378,20723,10,0.85,8.5
536378,84997B,12,3.75,45.0
536378,84997C,6,3.75,22.5
536378,21094,12,0.85,10.2
536378,20725,10,1.65,16.5
536378,21559,6,2.55,15.299999999999999
536378,22352,6,2.55,15.299999999999999
536378,21212,120,0.42,50.4
536378,21975,24,0.55,13.200000000000001
536378,21977,24,0.55,13.200000000000001
536378,84991,24,0.55,13.200000000000001
536378,84519A,6,2.95,17.700000000000003
536378,85183B,48,1.25,60.0
536378,85071B,96,0.38,36.480000000000004
536378,21931,10,1.95,19.5
536378,21929,10,1.95,19.5
536380,22961,24,1.45,34.8
536381,22139,23,4.25,97.75
536381,84854,5,4.95,24.75
536381,22411,10,1.95,19.5
536381,82567,2,2.1,4.2
536381,21672,6,1.25,7.5
536381,22774,24,1.25,30.0
536381,22771,24,1.25,30.0
536381,71270,1,1.25,1.25
536381,22262,1,0.85,0.85
536381,22637,1,2.55,2.55
536381,21934,10,1.65,16.5
536381,21169,3,1.69,5.07
536381,21166,1,1.95,1.95
536381,21175,2,2.1,4.2
536381,37444A,1,2.95,2.95
536381,37444C,1,2.95,2.95
536381,22086,4,2.95,11.8
536381,22083,1,2.95,2.95
536381,84971S,6,0.85,5.1
536381,71270,3,1.25,3.75
536381,47580,2,2.55,5.1
536381,22261,1,0.85,0.85
536381,84832,1,0.85,0.85
536381,22644,1,1.45,1.45
536381,21533,1,4.95,4.95
536381,21557,2,2.95,5.9
536381,15056BL,2,5.95,11.9
536381,15056N,2,5.95,11.9
536381,22646,4,1.45,5.8
536381,22176,1,2.95,2.95
536381,22438,1,1.95,1.95
536381,21731,2,1.65,3.3
536381,22778,3,3.95,11.850000000000001
536381,22719,36,1.06,38.160000000000004
536381,21523,10,6.75,67.5
536382,10002,12,0.85,10.2
536382,21912,8,3.75,30.0
536382,21832,12,1.65,19.799999999999997
536382,22411,10,1.95,19.5
536382,22379,10,2.1,21.0
536382,22381,50,1.85,92.5
536382,22798,8,2.95,23.6
536382,22726,4,3.75,15.0
536382,22926,12,5.95,71.4
536382,22839,2,14.95,29.9
536382,22838,2,14.95,29.9
536382,22783,4,16.95,67.8
C536383,35004C,-1,4.65,-4.65
536384,82484,3,6.45,19.35
536384,84755,48,0.65,31.200000000000003
536384,22464,12,1.65,19.799999999999997
536384,21324,6,2.95,17.700000000000003
536384,22457,12,2.95,35.400000000000006
536384,22469,40,1.45,58.0
536384,22470,40,2.55,102.0
536384,22224,6,2.95,17.700000000000003
536384,21340,2,12.75,25.5
536384,22189,4,3.95,15.8
536384,22427,3,5.95,17.85
536384,22428,6,6.95,41.7
536384,22424,8,10.95,87.6
536385,22783,1,19.95,19.95
536385,22961,12,1.45,17.4
536385,22960,6,4.25,25.5
536385,22663,10,1.95,19.5
536385,85049A,12,1.25,15.0
536385,22168,2,8.5,17.0
536385,22662,10,1.65,16.5
536386,84880,36,4.95,178.20000000000002
536386,85099C,100,1.65,165.0
536386,85099B,100,1.65,165.0
536387,79321,192,3.82,733.4399999999999
536387,22780,192,3.37,647.04
536387,22779,192,3.37,647.04
536387,22466,432,1.45,626.4
536387,21731,432,1.25,540.0
536388,21754,3,5.95,17.85
536388,21755,3,5.95,17.85
536388,21523,2,7.95,15.9
536388,21363,3,4.95,14.850000000000001
536388,21411,3,4.25,12.75
536388,22318,6,2.95,17.700000000000003
536388,22464,12,1.65,19.799999999999997
536388,22915,12,0.42,5.04
536388,22922,12,0.85,10.2
536388,22969,12,1.45,17.4
536388,22923,12,0.85,10.2
536388,21115,4,6.75,27.0
536388,22469,12,1.65,19.799999999999997
536388,22242,12,1.65,19.799999999999997
536389,22941,6,8.5,51.0
536389,21622,8,4.95,39.6
536389,21791,12,1.25,15.0
536389,35004C,6,5.45,32.7
536389,35004G,4,6.35,25.4
536389,85014B,6,5.95,35.7
536389,85014A,3,5.95,17.85
536389,22193,2,8.5,17.0
536389,22726,4,3.75,15.0
536389,22727,4,3.75,15.0
536389,22192,2,8.5,17.0
536389,22191,2,8.5,17.0
536389,22195,24,1.65,39.599999999999994
536389,22196,24,0.85,20.4
536390,22941,2,8.5,17.0
536390,22960,12,3.75,45.0
536390,22961,12,1.45,17.4
536390,22962,48,0.72,34.56
536390,22963,48,0.72,34.56
536390,22968,8,8.5,68.0
536390,84970S,144,0.64,92.16
536390,22910,40,2.55,102.0
536390,20668,288,0.1,28.8
536390,85123A,64,2.55,163.2
536390,22197,100,0.72,72.0
536390,22198,50,1.45,72.5
536390,21533,12,4.25,51.0
536390,21080,96,0.64,61.44
536390,21094,96,0.64,61.44
536390,21086,48,0.65,31.200000000000003
536390,21786,144,0.32,46.08
536390,22654,40,4.95,198.0
536390,21485,24,4.25,102.0
536390,84029G,24,3.39,81.36
536390,84030E,24,3.75,90.0
536390,22174,48,1.48,71.03999999999999
536390,22969,96,1.25,120.0
536390,85099B,100,1.65,165.0
C536391,22556,-12,1.65,-19.799999999999997
C536391,21984,-24,0.29,-6.959999999999999
C536391,21983,-24,0.29,-6.959999999999999
C536391,21980,-24,0.29,-6.959999999999999
C536391,21484,-12,3.45,-41.400000000000006
C536391,22557,-12,1.65,-19.799999999999997
C536391,22553,-24,1.65,-39.599999999999994
536392,22150,6,1.95,11.7
536392,22619,4,3.75,15.0
536392,21891,12,1.25,15.0
536392,21889,12,1.25,15.0
536392,22827,1,165.0,165.0
536392,22127,12,1.25,15.0
536392,22128,12,1.25,15.0
536392,22502,4,5.95,23.8
536392,84879,16,1.69,27.04
536392,22338,24,0.65,15.600000000000001
536393,22180,8,9.95,79.6
536394,21506,24,0.42,10.08
536394,22633,96,1.85,177.60000000000002
536394,22866,96,1.85,177.60000000000002
536394,22865,96,1.85,177.60000000000002
536394,22632,96,1.85,177.60000000000002
536394,21485,12,4.95,59.400000000000006
536394,22349,12,3.75,45.0
536394,22558,48,1.25,60.0
536394,85152,12,2.1,25.200000000000003
536394,85123A,32,2.55,81.6
536394,22652,20,1.65,33.0
536395,22188,8,3.95,31.6
536395,84879,32,1.69,54.08
536395,21977,24,0.55,13.200000000000001
536395,84991,24,0.55,13.200000000000001
536395,21212,24,0.55,13.200000000000001
536395,21484,8,3.45,27.6
536395,21314,8,2.1,16.8
536395,22730,4,3.75,15.0
536395,22727,8,3.75,30.0
536395,22729,8,3.75,30.0
536395,22726,8,3.75,30.0
536395,22114,8,3.95,31.6
536395,22867,48,2.1,100.80000000000001
536395,22866,48,2.1,100.80000000000001
536396,85123A,6,2.55,15.299999999999999
536396,71053,6,3.39,20.34
536396,84406B,8,2.75,22.0
536396,15056BL,6,4.95,29.700000000000003
536396,20679,6,4.95,29.700000000000003
536396,37370,6,1.06,6.36
536396,21871,6,1.06,6.36
536396,21071,6,1.06,6.36
536396,21068,6,1.06,6.36
536396,82483,2,4.95,9.9
536396,82486,4,6.95,27.8
536396,82482,6,2.1,12.600000000000001
536396,82494L,12,2.55,30.599999999999998
536396,84029G,6,3.39,20.34
536396,84029E,6,3.39,20.34
536396,22752,2,7.65,15.3
536396,22803,2,35.75,71.5
536396,21730,6,4.25,25.5
536397,35004B,12,4.65,55.800000000000004
536397,35004C,48,4.65,223.20000000000002
536398,21980,24,0.29,6.959999999999999
536398,21844,6,2.95,17.700000000000003
536398,22468,4,6.75,27.0
536398,22637,8,2.55,20.4
536398,22752,6,8.5,51.0
536398,48185,2,7.95,15.9
536398,22632,12,2.1,25.200000000000003
536398,22866,12,2.1,25.200000000000003
536398,22865,12,2.1,25.200000000000003
536398,21232,12,1.25,15.0
536398,22064,12,1.65,19.799999999999997
536398,22449,6,3.35,20.1
536398,22114,4,3.95,15.8
536398,22835,8,4.65,37.2
536398,22112,9,4.95,44.550000000000004
536398,21479,4,3.75,15.0
536398,22111,9,4.95,44.550000000000004
536399,22632,6,1.85,11.100000000000001
536399,22633,6,1.85,11.100000000000001
536400,22969,12,1.45,17.4
536401,22110,1,2.55,2.55
536401,22098,1,1.25,1.25
536401,22100,2,1.25,2.5
536401,22766,1,2.95,2.95
536401,22451,1,3.35,3.35
536401,22549,1,1.45,1.45
536401,84744,1,1.25,1.25
536401,85049E,2,1.25,2.5
536401,21328,1,1.65,1.65
536401,22961,4,1.45,5.8
536401,17091A,1,1.25,1.25
536401,22473,1,4.95,4.95
536401,84509A,2,3.75,7.5
536401,84510A,2,1.25,2.5
536401,22767,2,9.95,19.9
536401,22768,1,9.95,9.95
536401,21463,1,5.95,5.95
536401,21464,1,4.25,4.25
536401,20820,3,4.95,14.850000000000001
536401,85150,1,2.55,2.55
536401,22117,1,2.95,2.95
536401,21169,2,1.69,3.38
536401,48129,1,7.95,7.95
536401,82580,1,0.55,0.55
536401,82578,1,0.55,0.55
536401,82581,2,0.55,1.1
536401,22413,4,2.95,11.8
536401,21907,2,2.1,4.2
536401,22441,1,2.1,2.1
536401,21122,1,1.25,1.25
536401,22851,1,0.85,0.85
536401,84991,3,0.55,1.6500000000000001
536401,22810,1,2.95,2.95
536401,22809,1,2.95,2.95
536401,22435,2,1.25,2.5
536401,20966,3,1.25,3.75
536401,20963,1,1.25,1.25
536401,20961,1,1.25,1.25
536401,22068,2,1.65,3.3
536401,21743,2,2.95,5.9
536401,21744,2,2.95,5.9
536401,84709B,1,5.95,5.95
536401,21592,1,1.25,1.25
536401,21587,2,2.55,5.1
536401,20992,9,0.85,7.6499999999999995
536401,22662,1,1.65,1.65
536401,85123A,4,2.95,11.8
536401,22804,3,2.95,8.850000000000001
536401,82483,1,5.95,5.95
536401,20749,1,7.95,7.95
536401,20725,1,1.65,1.65
536401,22382,2,1.65,3.3
536401,20726,1,1.65,1.65
536401,22384,1,1.65,1.65
536401,22467,5,2.55,12.75
536401,84625C,3,2.95,8.850000000000001
536401,84625A,3,2.95,8.850000000000001
536401,21108,9,2.55,22.95
536401,22848,1,16.95,16.95
536401,21033,4,2.95,11.8
536401,47570B,1,10.65,10.65
536401,84030E,1,4.25,4.25
536401,22428,2,6.95,13.9
536401,22502,2,5.95,11.9
536402,22086,40,2.55,102.0
536402,22910,40,2.55,102.0
536402,22837,36,4.25,153.0
536403,22867,96,1.85,177.60000000000002
536404,22297,24,1.25,30.0
536404,22771,12,1.25,15.0
536404,22772,12,1.25,15.0
536404,22773,12,1.25,15.0
536404,22805,12,1.25,15.0
536404,22469,12,1.65,19.799999999999997
536404,22197,36,0.85,30.599999999999998
536404,21125,12,1.25,15.0
536404,21126,12,1.25,15.0
536404,85049C,12,1.25,15.0
536404,85049D,12,1.25,15.0
536404,85049E,12,1.25,15.0
536404,85049G,12,1.25,15.0
536404,21061,12,0.85,10.2
536404,21063,12,0.85,10.2
536404,21062,12,0.85,10.2
536404,84380,12,1.25,15.0
536404,84378,12,1.25,15.0
536404,22964,12,2.1,25.200000000000003
536404,21213,24,0.55,13.200000000000001
536404,22417,24,0.55,13.200000000000001
536404,21212,24,0.55,13.200000000000001
536404,84992,24,0.55,13.200000000000001
536404,21975,24,0.55,13.200000000000001
536404,22383,10,1.65,16.5
536404,20728,10,1.65,16.5
536404,20727,10,1.65,16.5
536404,22296,24,1.65,39.599999999999994
536405,20914,128,2.55,326.4
536406,85123A,8,2.55,20.4
536406,71053,8,3.39,27.12
536406,84406B,8,2.75,22.0
536406,20679,6,4.95,29.700000000000003
536406,37370,6,1.06,6.36
536406,21871,6,1.06,6.36
536406,21071,6,1.06,6.36
536406,21068,6,1.06,6.36
536406,82483,4,4.95,19.8
536406,82486,4,6.95,27.8
536406,82482,6,2.1,12.600000000000001
536406,82494L,6,2.55,15.299999999999999
536406,84029G,6,3.39,20.34
536406,84029E,6,3.39,20.34
536406,22752,2,7.65,15.3
536406,22803,2,35.75,71.5
536406,21730,6,4.25,25.5
536407,22632,6,1.85,11.100000000000001
536407,22633,6,1.85,11.100000000000001
536408,22537,24,0.42,10.08
536408,22533,24,0.42,10.08
536408,20982,12,0.85,10.2
536408,21832,12,1.65,19.799999999999997
536408,21915,12,1.25,15.0
536408,21914,12,1.25,15.0
536408,21544,12,0.85,10.2
536408,22813,12,1.95,23.4
536408,22114,4,3.95,15.8
536408,84029E,4,3.75,15.0
536408,21479,4,3.75,15.0
536408,22964,6,2.1,12.600000000000001
536408,84375,12,2.1,25.200000000000003
536408,22418,24,0.85,20.4
536408,22178,12,1.25,15.0
536408,84970L,12,0.95,11.399999999999999
536408,21733,6,2.95,17.700000000000003
536408,22465,12,1.65,19.799999999999997
536408,84949,6,1.65,9.899999999999999
536408,20685,2,7.95,15.9
536408,48194,2,7.95,15.9
536408,22488,12,1.65,19.799999999999997
536408,22219,12,0.85,10.2
536408,84879,8,1.69,13.52
536408,21754,3,5.95,17.85
536408,21755,3,5.95,17.85
536408,22766,8,2.95,23.6
536408,22610,36,0.85,30.599999999999998
536408,22716,12,0.42,5.04
536408,22706,25,0.42,10.5
536408,22371,4,4.25,17.0
536408,85014B,3,5.95,17.85
536408,85014A,3,5.95,17.85
536408,84997B,6,3.75,22.5
536408,21212,24,0.55,13.200000000000001
536408,21210,12,1.45,17.4
536408,22914,3,4.95,14.850000000000001
536408,22553,12,1.65,19.799999999999997
536408,16237,30,0.21,6.3
536408,22714,12,0.42,5.04
536408,22812,12,1.95,23.4
536408,84347,6,2.55,15.299999999999999
536408,21587,12,2.55,30.599999999999998
536408,22736,10,1.65,16.5
536408,22492,36,0.65,23.400000000000002
536408,22620,12,1.25,15.0
536408,22619,4,3.75,15.0
536408,21705,12,1.65,19.799999999999997
536409,90199C,3,6.35,19.049999999999997
536409,21479,1,3.75,3.75
536409,22111,1,4.95,4.95
536409,22785,1,6.75,6.75
536409,22975,1,1.25,1.25
536409,22972,1,1.65,1.65
536409,22866,1,2.1,2.1
536409,22568,1,3.75,3.75
536409,85116,1,2.1,2.1
536409,22664,1,2.1,2.1
536409,21609,1,2.95,2.95
536409,21866,1,1.25,1.25
536409,20669,1,1.25,1.25
536409,90129F,1,2.95,2.95
536409,90210B,1,2.95,2.95
536409,90199C,1,6.35,6.35
536409,21955,1,7.95,7.95
536409,72802C,1,4.25,4.25
536409,22109,1,3.75,3.75
536409,85116,5,2.1,10.5
536409,22531,1,0.42,0.42
536409,21811,1,1.25,1.25
536409,22183,1,6.75,6.75
536409,21678,6,0.85,5.1
536409,21676,6,0.85,5.1
536409,84625A,1,2.95,2.95
536409,84625C,3,2.95,8.850000000000001
536409,21931,2,1.95,3.9
536409,85169B,12,1.25,15.0
536409,16238,28,0.21,5.88
536409,20668,24,0.12,2.88
536409,84906,1,5.95,5.95
536409,21867,1,1.25,1.25
536409,22075,1,1.65,1.65
536409,21326,12,0.65,7.800000000000001
536409,21065,1,5.95,5.95
536409,22074,1,1.65,1.65
536409,22900,1,2.95,2.95
536409,20713,1,1.95,1.95
536409,20966,2,1.25,2.5
536409,21116,1,4.95,4.95
536409,90199C,2,6.35,12.7
536409,22633,1,2.1,2.1
536409,22198,1,1.65,1.65
536409,21824,3,1.45,4.35
536409,21823,3,1.45,4.35
536409,22153,6,0.42,2.52
536409,22197,2,0.85,1.7
536409,85099B,2,1.95,3.9
536409,85099F,1,1.95,1.95
536409,20717,1,1.25,1.25
536409,20723,1,0.85,0.85
536409,21980,12,0.29,3.4799999999999995
536409,22112,1,4.95,4.95
536412,20728,3,1.65,4.949999999999999
536412,22382,3,1.65,4.949999999999999
536412,22326,1,2.95,2.95
536412,22662,4,1.65,6.6
536412,22383,3,1.65,4.949999999999999
536412,20727,3,1.65,4.949999999999999
536412,22328,1,2.95,2.95
536412,22327,1,2.95,2.95
536412,22630,1,1.95,1.95
536412,22629,1,1.95,1.95
536412,21245,1,1.69,1.69
536412,21244,1,1.69,1.69
536412,21242,1,1.69,1.69
536412,21243,1,1.69,1.69
536412,22273,1,2.95,2.95
536412,22940,3,4.25,12.75
536412,22652,5,1.65,8.25
536412,22759,1,1.65,1.65
536412,21880,10,0.65,6.5
536412,21738,1,2.95,2.95
536412,22077,1,1.65,1.65
536412,85049E,3,1.25,3.75
536412,22961,24,1.45,34.8
536412,21448,2,1.65,3.3
536412,22837,3,4.65,13.950000000000001
536412,22749,2,3.75,7.5
536412,22940,1,4.25,4.25
536412,22749,1,3.75,3.75
536412,22077,2,1.65,3.3
536412,21738,2,2.95,5.9
536412,85049E,1,1.25,1.25
536412,22243,6,1.65,9.899999999999999
536412,22141,1,2.1,2.1
536412,22144,2,2.1,4.2
536412,22243,3,1.65,4.949999999999999
536412,22077,7,1.65,11.549999999999999
536412,21448,1,1.65,1.65
536412,22759,5,1.65,8.25
536412,22242,5,1.65,8.25
536412,85049E,12,1.25,15.0
536412,21731,5,1.65,8.25
536412,22243,1,1.65,1.65
536412,21739,2,2.95,5.9
536412,21738,5,2.95,14.75
536412,22271,2,2.95,5.9
536412,22274,2,2.95,5.9
536412,22751,2,3.75,7.5
536412,21034,1,0.95,0.95
536412,22273,2,2.95,5.9
536412,22568,3,3.75,11.25
536412,22144,1,2.1,2.1
536412,22570,3,3.75,11.25
536412,22569,2,3.75,7.5
536412,22086,1,2.95,2.95
536412,22968,4,9.95,39.8
536412,22902,7,2.1,14.700000000000001
536412,21710,1,4.95,4.95
536412,21708,1,4.95,4.95
536412,21711,1,4.95,4.95
536412,22179,2,6.75,13.5
536412,22197,5,0.85,4.25
536412,22900,2,2.95,5.9
536412,21706,1,4.95,4.95
536412,22468,2,6.75,13.5
536412,20725,1,1.65,1.65
536412,85184C,1,2.95,2.95
536412,22988,6,1.25,7.5
536412,20750,1,7.95,7.95
536415,22952,10,0.55,5.5
536415,22910,5,2.95,14.75
536415,22739,3,1.65,4.949999999999999
536415,22738,3,1.65,4.949999999999999
536415,22736,3,1.65,4.949999999999999
536415,22909,5,0.85,4.25
536415,35591T,2,1.25,2.5
536415,22186,5,2.95,14.75
536415,22695,3,1.45,4.35
536415,22470,1,2.95,2.95
536415,22580,1,5.95,5.95
536415,22469,5,1.65,8.25
536415,22147,4,1.45,5.8
536415,22130,6,0.85,5.1
536415,21791,3,1.25,3.75
536415,22694,5,2.1,10.5
536415,21790,3,0.85,2.55
536415,22149,4,2.1,8.4
536415,22900,3,2.95,8.850000000000001
536415,22961,3,1.45,4.35
536415,22321,12,0.85,10.2
536415,22594,5,0.85,4.25
536415,22593,4,0.85,3.4
536415,22595,6,0.85,5.1
536415,21986,12,0.29,3.4799999999999995
536415,22750,2,3.75,7.5
536415,22616,12,0.29,3.4799999999999995
536415,22775,1,1.25,1.25
536415,22899,2,2.1,4.2
536415,22367,3,1.95,5.85
536415,22942,3,8.5,25.5
536415,22941,3,8.5,25.5
536415,22086,6,2.95,17.700000000000003
536415,22940,2,4.25,8.5
536415,21212,2,0.55,1.1
536415,21976,2,0.55,1.1
536415,22951,2,0.55,1.1
536415,21977,3,0.55,1.6500000000000001
536415,22834,3,2.1,6.300000000000001
536415,22867,3,2.1,6.300000000000001
536415,22865,3,2.1,6.300000000000001
536415,22632,3,2.1,6.300000000000001
536415,21916,2,0.42,0.84
536415,22587,4,0.85,3.4
536415,22566,3,0.85,2.55
536415,22565,3,0.85,2.55
536415,22472,2,4.95,9.9
536415,22557,3,1.65,4.949999999999999
536415,22551,3,1.65,4.949999999999999
536415,22554,3,1.65,4.949999999999999
536415,22534,3,0.42,1.26
536415,22531,3,0.42,1.26
536415,22529,3,0.42,1.26
536415,22530,3,0.42,1.26
536415,84032B,3,2.95,8.850000000000001
536415,22837,3,4.65,13.950000000000001
536415,85049H,2,1.25,2.5
536415,22749,2,3.75,7.5
536415,22807,12,2.95,35.400000000000006
536416,21494,12,1.25,15.0
536416,21915,72,1.25,90.0
536416,22938,12,1.95,23.4
536416,22768,4,9.95,39.8
536416,22767,4,9.95,39.8
536416,82494L,6,2.95,17.700000000000003
536420,21889,12,1.25,15.0
536420,21892,12,1.25,15.0
536420,21891,12,1.25,15.0
536420,21890,6,2.95,17.700000000000003
536420,21718,12,1.25,15.0
536420,21716,8,2.55,20.4
536420,21715,8,2.55,20.4
536420,22113,4,3.75,15.0
536420,22111,3,4.95,14.850000000000001
536420,22110,6,2.55,15.299999999999999
536420,22358,6,2.95,17.700000000000003
536420,22357,4,4.25,17.0
536420,22115,6,2.95,17.700000000000003
536420,22969,12,1.45,17.4
536423,22619,4,3.75,15.0
536423,21481,6,2.95,17.700000000000003
536423,22632,12,2.1,25.200000000000003
536423,22837,8,4.65,37.2
536423,21479,8,3.75,30.0
536423,21485,8,4.95,39.6
536423,84029E,8,3.75,30.0
536423,22111,16,4.95,79.2
536423,22113,8,3.75,30.0
536425,22837,8,4.65,37.2
536425,22585,12,1.25,15.0
536425,79321,8,4.95,39.6
536425,22637,12,2.55,30.599999999999998
536425,21556,6,2.55,15.299999999999999
536425,22646,12,1.45,17.4
536425,22644,12,1.45,17.4
536425,22645,12,1.45,17.4
536425,22650,12,1.45,17.4
536425,22508,8,3.75,30.0
536425,21411,3,4.25,12.75
536425,22511,4,3.75,15.0
536425,22451,6,3.35,20.1
536425,22449,6,3.35,20.1
536425,22768,2,9.95,19.9
536425,22829,2,9.95,19.9
536425,22961,12,1.45,17.4
536437,21154,200,1.06,212.0
536437,22189,72,3.39,244.08
536437,17021,600,0.24,144.0
536437,22059,48,1.25,60.0
536437,22188,36,3.39,122.04
536437,84678,48,1.25,60.0
536446,85172,32,0.42,13.44
536446,22142,2,1.45,2.9
536446,22144,2,2.1,4.2
536446,21591,6,1.25,7.5
536446,22480,12,1.25,15.0
536446,22294,48,1.25,60.0
536446,21156,1,1.95,1.95
536446,10133,5,0.85,4.25
536446,72800E,6,2.55,15.299999999999999
536446,22294,24,1.25,30.0
536446,84836,12,1.25,15.0
536446,20774,2,1.65,3.3
536446,20773,2,1.65,3.3
536446,20777,2,1.65,3.3
536446,16016,10,0.85,8.5
536446,16014,10,0.42,4.2
536446,21890,2,2.95,5.9
536446,21891,2,1.25,2.5
536446,22619,8,3.75,30.0
536446,22620,6,1.25,7.5
536446,84347,12,2.55,30.599999999999998
536446,85169B,24,1.25,30.0
536446,21156,3,1.95,5.85
536446,21651,6,1.65,9.899999999999999
536446,84625C,10,2.95,29.5
536446,22618,2,9.95,19.9
536446,21586,4,2.55,10.2
536446,21587,4,2.55,10.2
536446,22152,24,0.42,10.08
536446,85172,16,0.42,6.72
536446,84754,24,1.25,30.0
536460,22670,12,1.25,15.0
536460,21586,12,2.55,30.599999999999998
536460,84992,24,0.55,13.200000000000001
536460,84879,24,1.69,40.56
536460,84849B,12,1.69,20.28
536460,22927,2,5.95,11.9
536460,22926,4,5.95,23.8
536460,22925,2,5.95,11.9
536460,21977,24,0.55,13.200000000000001
536460,21485,6,4.95,29.700000000000003
536460,21484,8,3.45,27.6
536460,21259,2,5.95,11.9
536460,21257,2,7.95,15.9
536460,21121,24,1.25,30.0
536463,82552,12,1.45,17.4
536464,90200B,2,4.25,8.5
536464,90059B,2,1.65,3.3
536464,90185C,2,4.25,8.5
536464,90059E,3,1.65,4.949999999999999
536464,90059C,1,1.65,1.65
536464,90200C,1,4.25,4.25
536464,90200D,3,4.25,12.75
536464,90200A,1,4.25,4.25
536464,22386,1,1.95,1.95
536464,85099B,1,1.95,1.95
536464,84879,8,1.69,13.52
536464,22086,1,2.95,2.95
536464,22737,1,1.65,1.65
536464,21260,1,3.25,3.25
536464,22744,2,2.95,5.9
536464,21985,1,0.29,0.29
536464,21980,1,0.29,0.29
536464,22988,1,1.25,1.25
536464,22297,1,1.25,1.25
536464,22294,1,1.25,1.25
536464,22295,1,1.65,1.65
536464,22813,2,1.95,3.9
536464,22812,6,1.95,11.7
536464,22197,5,0.85,4.25
536464,21977,1,0.55,0.55
536464,22619,1,3.75,3.75
536464,16258A,1,0.42,0.42
536464,21992,1,2.95,2.95
536464,22910,1,2.95,2.95
536464,21124,1,1.25,1.25
536464,22735,2,1.65,3.3
536464,22952,2,0.55,1.1
536464,22945,6,0.85,5.1
536464,21816,2,1.45,2.9
536464,21815,4,1.45,5.8
536464,21814,2,1.45,2.9
536464,10125,2,0.85,1.7
536464,22810,1,2.95,2.95
536464,22573,1,0.85,0.85
536464,22577,1,0.85,0.85
536464,22603,2,0.85,1.7
536464,22809,1,2.95,2.95
536464,20878,1,1.25,1.25
536464,20866,1,1.25,1.25
536464,85095,1,1.95,1.95
536464,22333,1,1.65,1.65
536464,22557,1,1.65,1.65
536464,21584,1,1.65,1.65
536464,22866,1,2.1,2.1
536464,22731,2,1.25,2.5
536464,22866,3,2.1,6.300000000000001
536464,22558,2,1.49,2.98
536464,22956,1,2.1,2.1
536464,22582,1,2.55,2.55
536464,21212,1,0.55,0.55
536464,21212,2,0.55,1.1
536464,22585,3,1.25,3.75
536464,21121,1,1.25,1.25
536464,21122,1,1.25,1.25
536464,22759,1,1.65,1.65
536464,21815,1,1.45,1.45
536464,85231B,3,0.85,2.55
536464,85231G,5,0.85,4.25
536464,22082,5,1.65,8.25
536464,22500,2,4.95,9.9
536464,22742,1,2.95,2.95
536464,21329,1,1.65,1.65
536464,21328,1,1.65,1.65
536464,21327,1,1.65,1.65
536464,21738,1,2.95,2.95
536464,48173C,1,7.95,7.95
536464,85099C,1,1.95,1.95
536464,22960,1,4.25,4.25
536464,85231G,1,0.85,0.85
536464,85231B,2,0.85,1.7
536464,72818,1,0.85,0.85
536464,21814,8,1.45,11.6
536464,22441,1,2.1,2.1
536464,22312,1,2.95,2.95
536464,22197,6,0.85,5.1
536464,22663,1,1.95,1.95
536466,22960,6,4.25,25.5
536466,22961,12,1.45,17.4
536477,21314,48,1.85,88.80000000000001
536477,84029E,24,3.39,81.36
536477,21137,480,3.39,1627.2
536477,22041,48,2.1,100.80000000000001
536477,20979,16,1.25,20.0
536477,20977,16,1.25,20.0
536477,22619,4,3.75,15.0
536477,22571,96,0.72,69.12
536477,22595,144,0.72,103.67999999999999
536477,22593,144,0.72,103.67999999999999
536477,22633,12,2.1,25.200000000000003
536477,22632,12,2.1,25.200000000000003
536477,22423,16,10.95,175.2
536477,22411,10,1.95,19.5
536488,22738,5,1.65,8.25
536488,21621,1,8.5,8.5
536488,22960,8,4.25,34.0
536488,22082,5,1.65,8.25
536488,47563A,1,3.75,3.75
536488,84558A,1,2.95,2.95
536488,21592,1,1.25,1.25
536488,20878,2,1.25,2.5
536488,84347,1,2.55,2.55
536488,21577,1,2.25,2.25
536488,22909,1,0.85,0.85
536488,22087,1,2.95,2.95
536488,22651,2,0.85,1.7
536488,22713,12,0.42,5.04
536488,22910,1,2.95,2.95
536488,21370,2,6.35,12.7
536488,21367,1,2.55,2.55
536488,22376,1,4.25,4.25
536488,22961,1,1.45,1.45
536488,21895,1,4.25,4.25
536488,22468,1,6.75,6.75
536488,21034,1,0.95,0.95
536488,22372,1,4.25,4.25
536488,22867,1,2.1,2.1
536488,22144,1,2.1,2.1
536488,21190,1,1.65,1.65
536488,21894,3,1.25,3.75
536488,70007,3,1.65,4.949999999999999
536488,22940,1,4.25,4.25
536488,70007,1,1.65,1.65
536488,84347,3,2.55,7.6499999999999995
536488,22150,1,1.95,1.95
536488,22149,2,2.1,4.2
536488,22144,2,2.1,4.2
536500,21622,10,4.95,49.5
536500,46000M,10,1.55,15.5
536500,22630,2,1.95,3.9
536500,22616,12,0.29,3.4799999999999995
536500,22712,12,0.42,5.04
536500,22983,12,0.42,5.04
536500,22024,12,0.42,5.04
536500,22113,3,3.75,11.25
536500,84029E,2,3.75,7.5
536500,21488,2,3.95,7.9
536500,22900,7,2.95,20.650000000000002
536500,22895,3,2.95,8.850000000000001
536500,21035,3,2.95,8.850000000000001
536500,21755,6,5.95,35.7
536500,21754,6,5.95,35.7
536502,84879,16,1.69,27.04
536502,22784,3,4.95,14.850000000000001
536502,21441,12,0.85,10.2
536502,85123A,6,2.95,17.700000000000003
536502,22423,2,12.75,25.5
536508,84947,72,1.06,76.32000000000001
536508,21326,144,0.55,79.2
C536506,22960,-6,4.25,-25.5
536514,22865,36,2.1,75.60000000000001
536514,22485,4,12.75,51.0
536514,22807,6,2.95,17.700000000000003
536514,22633,36,2.1,75.60000000000001
536514,22866,36,2.1,75.60000000000001
536520,21794,1,6.75,6.75
536520,20707,1,1.25,1.25
536520,21175,1,2.1,2.1
536520,22926,1,5.95,5.95
536520,22588,2,2.55,5.1
536520,21292,16,0.85,13.6
536520,21890,1,2.95,2.95
536520,22632,4,2.1,8.4
536520,22633,3,2.1,6.300000000000001
536520,22670,1,1.25,1.25
536520,21867,1,1.25,1.25
536520,22760,1,12.75,12.75
536520,22107,2,3.75,7.5
536520,22470,1,2.95,2.95
536520,21486,1,3.75,3.75
536520,22151,14,0.42,5.88
536520,22643,4,2.55,10.2
536520,22642,4,2.55,10.2
536520,22604,3,2.55,7.6499999999999995
536520,22099,2,1.25,2.5
536520,22553,1,1.65,1.65
536520,22551,1,1.65,1.65
536520,22653,1,1.95,1.95
536520,22557,2,1.65,3.3
536520,22906,6,1.65,9.899999999999999
536520,22754,1,0.85,0.85
536520,22938,5,1.95,9.75
536520,22812,3,1.95,5.85
536520,22919,2,0.65,1.3
536520,22917,1,0.65,0.65
536520,22920,3,0.65,1.9500000000000002
536520,22921,2,0.65,1.3
536520,22918,2,0.65,1.3
536520,22916,1,0.65,0.65
536520,85123A,3,2.95,8.850000000000001
536520,22575,1,1.95,1.95
536520,21804,3,3.75,11.25
536520,21584,12,1.65,19.799999999999997
536520,21588,3,2.55,7.6499999999999995
536520,22152,12,0.42,5.04
536520,22441,1,2.1,2.1
536520,22955,2,2.1,4.2
536520,22956,2,2.1,4.2
536520,22582,2,2.55,5.1
536520,22583,3,2.55,7.6499999999999995
536520,22241,2,1.25,2.5
536520,22904,3,2.95,8.850000000000001
536520,22905,2,2.95,5.9
536520,22197,3,0.85,2.55
536520,22092,1,1.25,1.25
536520,22469,1,1.65,1.65
536520,22100,1,1.25,1.25
536520,22096,1,1.25,1.25
536520,22583,1,2.55,2.55
536520,21358,2,1.25,2.5
536520,21123,1,1.25,1.25
536520,21124,1,1.25,1.25
536520,21122,1,1.25,1.25
536520,84378,1,1.25,1.25
536520,21985,12,0.29,3.4799999999999995
536520,21427,2,2.1,4.2
536520,21034,2,0.95,1.9
536520,21930,1,1.95,1.95
536520,20772,1,2.55,2.55
536520,22469,2,1.65,3.3
536520,71406C,12,0.42,5.04
536520,84985A,1,1.45,1.45
536520,20754,1,2.1,2.1
536520,84596E,1,1.25,1.25
536520,21111,1,2.95,2.95
536520,22501,1,9.95,9.95
536521,22854,1,4.95,4.95
536522,84997D,1,3.75,3.75
536522,47599A,1,2.1,2.1
536522,47599B,1,2.1,2.1
536522,22749,1,3.75,3.75
536522,20972,1,1.25,1.25
536522,22569,1,3.75,3.75
536522,21041,1,2.95,2.95
536522,21664,2,3.75,7.5
536522,84969,1,4.25,4.25
536522,22907,1,0.85,0.85
536522,22865,2,2.1,4.2
536522,22866,1,2.1,2.1
536522,22632,2,2.1,4.2
536522,22776,1,9.95,9.95
536522,22338,2,0.65,1.3
536522,21810,2,1.25,2.5
536522,22449,1,3.35,3.35
536522,21197,1,1.65,1.65
536522,85231G,1,0.85,0.85
536522,21121,1,1.25,1.25
536522,22151,2,0.42,0.84
536522,84836,2,1.25,2.5
536522,21326,12,0.65,7.800000000000001
536522,85035B,1,4.25,4.25
536522,84968C,1,12.75,12.75
536522,85231B,1,0.85,0.85
536522,22739,5,1.65,8.25
536522,37370,2,1.25,2.5
536522,22941,1,8.5,8.5
536522,21098,2,1.25,2.5
536522,22151,1,0.42,0.42
536522,84836,1,1.25,1.25
536522,20914,1,2.95,2.95
536522,22749,2,3.75,7.5
536522,21190,1,1.65,1.65
536522,84997C,1,3.75,3.75
536522,21810,1,1.25,1.25
536522,21192,3,1.65,4.949999999999999
536522,85014A,1,5.95,5.95
536522,21124,2,1.25,2.5
536522,72800B,2,2.55,5.1
536522,84563A,1,5.95,5.95
536522,22107,2,3.75,7.5
536522,47504H,1,1.95,1.95
536522,21122,1,1.25,1.25
536522,21742,1,5.95,5.95
536522,22566,1,0.85,0.85
536522,21664,1,3.75,3.75
536522,22632,1,2.1,2.1
536522,22481,3,1.25,3.75
536522,85099B,1,1.95,1.95
536522,21931,1,1.95,1.95
536523,22943,6,4.95,29.700000000000003
536523,22468,2,6.75,13.5
536523,22149,6,2.1,12.600000000000001
536523,21485,3,4.95,14.850000000000001
536523,21259,2,5.95,11.9
536523,22969,12,1.45,17.4
536523,22699,6,2.95,17.700000000000003
536523,22217,12,1.25,15.0
536523,22227,24,0.65,15.600000000000001
536523,22219,12,0.85,10.2
536523,22111,3,4.95,14.850000000000001
536523,22294,24,1.25,30.0
536524,21111,6,2.95,17.700000000000003
536524,21106,6,2.95,17.700000000000003
536524,21107,6,2.95,17.700000000000003
536524,22697,6,2.95,17.700000000000003
536525,21826,2,1.25,2.5
536525,21791,1,1.25,1.25
536525,22548,1,1.25,1.25
536525,22149,1,2.1,2.1
536525,17164B,2,0.42,0.84
536525,22423,2,12.75,25.5
536525,22429,1,4.25,4.25
536525,22428,1,6.95,6.95
536525,20974,3,0.65,1.9500000000000002
536525,20973,2,0.65,1.3
536525,15044B,1,2.95,2.95
536525,21324,2,2.95,5.9
536525,20750,10,7.95,79.5
536526,21135,16,1.69,27.04
536526,22173,16,2.95,47.2
536526,22626,2,8.5,17.0
536526,22625,6,8.5,51.0
536526,22624,6,8.5,51.0
536526,21929,20,1.95,39.0
536526,85099B,10,1.95,19.5
536526,22411,10,1.95,19.5
536526,22113,8,3.75,30.0
536527,22809,6,2.95,17.700000000000003
536527,84347,6,2.55,15.299999999999999
536527,84945,12,0.85,10.2
536527,22242,12,1.65,19.799999999999997
536527,22244,12,1.95,23.4
536527,22243,12,1.65,19.799999999999997
536527,47421,24,0.42,10.08
536527,20712,10,1.95,19.5
536527,20713,10,1.95,19.5
536527,22837,4,4.65,18.6
536527,22969,12,1.45,17.4
536527,22973,12,1.65,19.799999999999997
536527,84569B,12,1.25,15.0
536527,22549,12,1.45,17.4
536528,22815,12,0.42,5.04
536528,22865,1,2.1,2.1
536528,22585,6,1.25,7.5
536528,21587,1,2.55,2.55
536528,84985A,1,1.45,1.45
536528,85114B,1,1.65,1.65
536528,22813,3,1.95,5.85
536528,22128,6,1.25,7.5
536528,22839,1,14.95,14.95
536528,22584,2,2.55,5.1
536528,22130,12,0.85,10.2
536528,22938,3,1.95,5.85
536528,22411,1,1.95,1.95
536528,21731,2,1.65,3.3
536528,22616,1,0.29,0.29
536528,22454,1,2.95,2.95
536528,21992,1,2.95,2.95
536528,22326,4,2.95,11.8
536528,22082,1,1.65,1.65
536528,85049E,1,1.25,1.25
536528,22077,2,1.65,3.3
536528,85049A,1,1.25,1.25
536528,22865,2,2.1,4.2
536528,22867,3,2.1,6.300000000000001
536528,22910,3,2.95,8.850000000000001
536528,22963,2,0.85,1.7
536528,22960,1,4.25,4.25
536528,85114C,1,1.65,1.65
536528,22974,2,1.65,3.3
536528,22423,1,12.75,12.75
536528,21452,2,2.95,5.9
536528,22938,1,1.95,1.95
536528,22812,3,1.95,5.85
536528,22744,2,2.95,5.9
536528,22743,1,2.95,2.95
536528,22911,1,2.95,2.95
536528,22585,5,1.25,6.25
536528,22900,1,2.95,2.95
536528,22961,1,1.45,1.45
536528,22454,2,2.95,5.9
536528,22453,1,2.95,2.95
536528,22445,4,2.95,11.8
536528,22568,3,3.75,11.25
536528,22570,1,3.75,3.75
536528,22607,1,9.95,9.95
536528,22635,1,9.95,9.95
536528,22634,1,9.95,9.95
536528,22968,3,9.95,29.849999999999998
536529,22222,3,4.95,14.850000000000001
536529,22947,2,16.95,33.9
536529,21743,6,2.95,17.700000000000003
536529,22187,4,4.25,17.0
536529,22164,6,2.95,17.700000000000003
536529,72598,12,0.85,10.2
536529,21258,1,12.75,12.75
536529,22627,2,8.5,17.0
536529,22487,2,9.95,19.9
536530,22360,2,2.95,5.9
536530,22364,1,2.95,2.95
536530,21657,1,6.95,6.95
536530,22699,4,2.95,11.8
536530,21071,24,1.25,30.0
536530,22941,1,8.5,8.5
536530,22120,1,9.95,9.95
536530,22423,1,12.75,12.75
536530,21038,1,2.95,2.95
536530,21625,1,6.95,6.95
536530,22783,1,19.95,19.95
536530,22097,1,1.25,1.25
536530,82552,1,1.45,1.45
536530,21179,1,1.25,1.25
536530,22185,4,1.65,6.6
536530,21662,1,5.95,5.95
536530,85104,8,2.95,23.6
536530,21654,6,1.45,8.7
536530,21658,1,3.95,3.95
536530,21664,2,3.75,7.5
536530,22943,2,4.95,9.9
536530,22411,6,1.95,11.7
536531,21519,24,0.42,10.08
536531,22819,24,0.42,10.08
536531,21506,24,0.42,10.08
536531,22704,25,0.42,10.5
536531,21498,25,0.42,10.5
536531,15056N,12,5.95,71.4
536531,15056BL,12,5.95,71.4
536531,20679,12,5.95,71.4
536531,22049,25,0.42,10.5
536531,21497,25,0.42,10.5
536531,21333,12,2.95,35.400000000000006
536531,22727,9,3.75,33.75
536531,22726,9,3.75,33.75
536531,22730,9,3.75,33.75
536531,22086,80,2.55,204.0
536531,22910,40,2.55,102.0
536531,22194,2,8.5,17.0
536531,22192,4,8.5,34.0
536531,22193,4,8.5,34.0
536531,22191,4,8.5,34.0
536531,22688,4,7.95,31.8
536531,22768,6,9.95,59.699999999999996
536532,84692,50,0.42,21.0
536532,22444,96,1.06,101.76
536532,22899,8,2.1,16.8
536532,21156,8,1.95,15.6
536532,22556,24,1.65,39.599999999999994
536532,22555,36,1.65,59.4
536532,22554,24,1.65,39.599999999999994
536532,22553,24,1.65,39.599999999999994
536532,22551,24,1.65,39.599999999999994
536532,22547,24,0.42,10.08
536532,22544,24,0.42,10.08
536532,22543,24,0.42,10.08
536532,22540,24,0.42,10.08
536532,22539,24,0.42,10.08
536532,22534,24,0.42,10.08
536532,22530,24,0.42,10.08
536532,22531,24,0.42,10.08
536532,22561,24,1.65,39.599999999999994
536532,22489,24,0.42,10.08
536532,22814,12,0.42,5.04
536532,21520,12,0.42,5.04
536532,21506,12,0.42,5.04
536532,22716,12,0.42,5.04
536532,22866,12,2.1,25.200000000000003
536532,22632,12,2.1,25.200000000000003
536532,22865,12,2.1,25.200000000000003
536532,22114,8,3.95,31.6
536532,21982,48,0.29,13.919999999999998
536532,21981,48,0.29,13.919999999999998
536532,21967,48,0.29,13.919999999999998
536532,22092,12,1.25,15.0
536532,21983,48,0.29,13.919999999999998
536532,22615,48,0.29,13.919999999999998
536532,21980,48,0.29,13.919999999999998
536532,22614,48,0.29,13.919999999999998
536532,22095,12,1.25,15.0
536532,22094,12,1.25,15.0
536532,21984,48,0.29,13.919999999999998
536532,22557,36,1.65,59.4
536532,21786,24,0.42,10.08
536532,21080,36,0.85,30.599999999999998
536532,22963,12,0.85,10.2
536532,22962,12,0.85,10.2
536532,22961,24,1.45,34.8
536532,84375,24,2.1,50.400000000000006
536532,22966,24,1.25,30.0
536532,21874,24,1.25,30.0
536532,21873,24,1.25,30.0
536532,21870,24,1.25,30.0
536532,22956,12,2.1,25.200000000000003
536532,84050,72,1.25,90.0
536532,84991,24,0.55,13.200000000000001
536532,84992,24,0.55,13.200000000000001
536532,21213,24,0.55,13.200000000000001
536532,21977,24,0.55,13.200000000000001
536532,21212,24,0.55,13.200000000000001
536532,22198,48,1.65,79.19999999999999
536532,22197,72,0.85,61.199999999999996
536532,22315,12,1.25,15.0
536532,22667,12,2.95,35.400000000000006
536532,22666,12,2.95,35.400000000000006
536532,22665,12,2.95,35.400000000000006
536532,22558,24,1.49,35.76
536532,22567,24,1.25,30.0
536532,85150,12,2.55,30.599999999999998
536532,21166,12,1.95,23.4
536532,85152,24,2.1,50.400000000000006
536532,82600,24,2.1,50.400000000000006
536532,21733,6,2.95,17.700000000000003
536532,20685,2,7.95,15.9
536532,22842,6,6.75,40.5
536532,22494,24,1.25,30.0
536532,21260,12,3.25,39.0
536533,20754,6,2.1,12.600000000000001
536533,22740,48,0.85,40.8
536533,22825,2,7.95,15.9
536533,22680,20,1.25,25.0
536533,22797,3,16.95,50.849999999999994
536533,21843,1,10.95,10.95
536534,22866,12,2.1,25.200000000000003
536534,22834,12,2.1,25.200000000000003
536534,22865,12,2.1,25.200000000000003
536534,22867,12,2.1,25.200000000000003
536534,22112,3,4.95,14.850000000000001
536535,22943,3,4.95,14.850000000000001
536535,22118,3,4.95,14.850000000000001
536535,22121,3,5.95,17.85
536535,22119,3,6.95,20.85
536535,21485,3,4.95,14.850000000000001
536535,22219,12,0.85,10.2
536535,21523,2,7.95,15.9
536535,48194,2,7.95,15.9
536535,20685,2,7.95,15.9
536535,21156,8,1.95,15.6
536535,22418,24,0.85,20.4
536535,22311,6,2.95,17.700000000000003
536536,21485,3,4.95,14.850000000000001
536536,84879,80,1.69,135.2
536536,72817,12,1.25,15.0
536537,22277,36,2.1,75.60000000000001
536537,22333,8,1.65,13.2
536537,20867,36,1.25,45.0
536537,21688,12,2.95,35.400000000000006
536537,21694,12,2.95,35.400000000000006
536537,22183,6,6.75,40.5
536537,22423,2,12.75,25.5
536537,22798,8,2.95,23.6
536537,22800,8,3.75,30.0
536537,22801,8,3.75,30.0
536537,22781,2,7.65,15.3
536538,21466,1,3.75,3.75
536538,21467,1,3.75,3.75
536538,21471,1,3.75,3.75
536538,21469,1,3.75,3.75
536538,21523,1,7.95,7.95
536538,48129,1,7.95,7.95
536538,21524,1,7.95,7.95
536538,22791,12,1.25,15.0
536538,84949,6,1.65,9.899999999999999
536538,22086,5,2.95,14.75
536538,22910,5,2.95,14.75
536538,22457,2,2.95,5.9
536538,21690,4,3.75,15.0
536538,22752,2,8.5,17.0
536538,37343,6,1.65,9.899999999999999
536538,22088,1,2.95,2.95
536538,22195,5,1.65,8.25
536538,22470,2,2.95,5.9
536538,22469,8,1.65,13.2
536538,22173,2,2.95,5.9
536538,22584,2,2.55,5.1
536538,22583,2,2.55,5.1
536538,21143,3,1.95,5.85
536538,84944,2,4.25,8.5
536538,22601,10,0.85,8.5
536538,22603,10,0.85,8.5
536538,22600,10,0.85,8.5
536538,22574,10,0.85,8.5
536538,22573,10,0.85,8.5
536538,85199L,10,0.65,6.5
536538,85199S,10,0.42,4.2
536539,22969,12,1.45,17.4
536539,72741,18,1.45,26.099999999999998
536539,37495,4,3.75,15.0
536539,22807,6,2.95,17.700000000000003
536539,22171,2,8.5,17.0
536539,82486,2,7.95,15.9
536539,22173,8,2.95,23.6
536539,85067,1,18.95,18.95
536539,48184,2,7.95,15.9
536539,48138,2,7.95,15.9
536539,48129,2,7.95,15.9
536539,21625,3,6.95,20.85
536539,22326,6,2.95,17.700000000000003
536539,22423,2,12.75,25.5
536539,21743,6,2.95,17.700000000000003
536539,22557,12,1.65,19.799999999999997
536539,22554,12,1.65,19.799999999999997
536539,85019A,4,4.25,17.0
536539,85019C,3,4.25,12.75
536539,20902,2,6.35,12.7
536539,21429,8,1.65,13.2
536539,22867,12,2.1,25.200000000000003
536539,22632,12,2.1,25.200000000000003
536539,84030E,4,4.25,17.0
536539,22114,4,3.95,15.8
536539,21481,6,2.95,17.700000000000003
536539,22379,5,2.1,10.5
536540,22968,4,9.95,39.8
536540,85071A,6,2.95,17.700000000000003
536540,85071C,6,2.55,15.299999999999999
536540,22355,50,0.85,42.5
536540,21579,6,2.25,13.5
536540,21576,6,2.25,13.5
536540,22147,12,1.45,17.4
536540,22150,12,1.95,23.4
536540,22492,36,0.65,23.400000000000002
536540,22493,24,1.65,39.599999999999994
536540,21833,12,1.69,20.28
536540,85135B,2,7.95,15.9
536540,85136A,2,7.95,15.9
536540,85136C,2,7.95,15.9
536540,21055,4,8.95,35.8
536540,21056,4,8.95,35.8
536540,21889,24,1.25,30.0
536540,21891,12,1.25,15.0
536540,22622,6,9.95,59.699999999999996
536541,21915,12,1.25,15.0
536542,22382,10,1.65,16.5
536542,20727,10,1.65,16.5
536542,22383,20,1.65,33.0
536542,22386,30,1.95,58.5
536542,85099B,40,1.95,78.0
536542,22379,20,2.1,42.0
536542,20712,20,1.95,39.0
536542,85099F,30,1.95,58.5
536542,85099C,20,1.95,39.0
536542,21930,20,1.95,39.0
536542,21928,20,1.95,39.0
536542,22411,30,1.95,58.5
536542,21931,40,1.95,78.0
536542,20711,20,1.95,39.0
536542,20713,30,1.95,58.5
536542,85123A,32,2.95,94.4
C536543,22632,-1,2.1,-2.1
C536543,22355,-2,0.85,-1.7
536544,21773,1,2.51,2.51
536544,21774,2,2.51,5.02
536544,21786,4,0.85,3.4
536544,21787,2,1.66,3.32
536544,21790,9,1.66,14.94
536544,21791,2,2.51,5.02
536544,21801,10,0.43,4.3
536544,21802,9,0.43,3.87
536544,21803,11,0.43,4.7299999999999995
536544,21809,1,2.51,2.51
536544,21810,3,2.51,7.529999999999999
536544,21811,1,2.51,2.51
536544,21821,1,7.62,7.62
536544,21822,1,4.21,4.21
536544,21823,2,2.98,5.96
536544,21844,2,5.91,11.82
536544,21851,1,4.21,4.21
536544,21870,1,3.36,3.36
536544,21871,5,3.36,16.8
536544,21874,1,3.36,3.36
536544,21879,1,1.66,1.66
536544,21884,1,1.66,1.66
536544,21888,1,7.62,7.62
536544,21889,2,2.51,5.02
536544,21892,3,2.51,7.529999999999999
536544,21894,1,2.51,2.51
536544,21911,1,3.36,3.36
536544,21912,3,7.62,22.86
536544,21913,1,7.62,7.62
536544,21914,3,2.51,7.529999999999999
536544,21915,2,2.51,5.02
536544,21922,2,16.98,33.96
536544,21928,1,4.21,4.21
536544,21935,1,3.36,3.36
536544,21942,2,1.66,3.32
536544,21944,1,1.66,1.66
536544,21949,1,2.51,2.51
536544,21975,1,1.28,1.28
536544,21977,1,1.28,1.28
536544,21982,1,0.85,0.85
536544,21990,2,2.51,5.02
536544,21991,1,2.51,2.51
536544,21992,6,2.51,15.059999999999999
536544,21993,4,2.51,10.04
536544,22037,1,0.85,0.85
536544,22043,1,0.43,0.43
536544,22064,1,3.36,3.36
536544,22065,1,3.36,3.36
536544,22067,1,3.36,3.36
536544,22068,1,3.36,3.36
536544,22069,1,3.36,3.36
536544,22071,1,7.62,7.62
536544,22075,1,3.36,3.36
536544,22076,1,3.36,3.36
536544,22077,3,3.36,10.08
536544,22080,1,3.36,3.36
536544,22081,1,3.36,3.36
536544,22082,1,3.36,3.36
536544,22083,4,5.91,23.64
536544,22086,33,5.91,195.03
536544,22087,2,5.91,11.82
536544,22090,1,5.91,5.91
536544,22095,2,2.51,5.02
536544,22100,1,2.51,2.51
536544,22107,1,7.62,7.62
536544,22110,2,7.62,15.24
536544,22111,2,11.02,22.04
536544,22112,2,11.02,22.04
536544,22114,3,8.47,25.410000000000004
536544,22115,2,5.91,11.82
536544,22130,2,8.47,16.94
536544,22134,1,0.85,0.85
536544,22135,5,0.85,4.25
536544,22141,4,4.21,16.84
536544,22144,4,4.21,16.84
536544,22149,1,4.21,4.21
536544,22153,1,0.85,0.85
536544,22154,1,0.85,0.85
536544,22155,3,0.85,2.55
536544,22156,3,1.66,4.9799999999999995
536544,22161,10,0.81,8.100000000000001
536544,22162,2,3.36,6.72
536544,22169,1,16.98,16.98
536544,22174,2,3.36,6.72
536544,22178,13,2.51,32.629999999999995
536544,22182,1,4.21,4.21
536544,22185,1,3.36,3.36
536544,22189,1,8.47,8.47
536544,22190,3,2.51,7.529999999999999
536544,22195,1,3.36,3.36
536544,22196,2,1.66,3.32
536544,22197,2,1.66,3.32
536544,22198,4,3.36,13.44
536544,22203,1,7.62,7.62
536544,22207,1,8.47,8.47
536544,22219,3,1.66,4.9799999999999995
536544,22224,1,5.91,5.91
536544,22265,2,1.28,2.56
536544,22276,1,5.91,5.91
536544,22294,4,2.51,10.04
536544,22296,1,3.36,3.36
536544,22297,1,2.51,2.51
536544,22299,1,2.51,2.51
536544,22300,1,5.06,5.06
536544,22301,2,5.06,10.12
536544,22309,1,5.06,5.06
536544,22310,9,3.36,30.24
536544,22314,1,5.91,5.91
536544,22318,1,5.91,5.91
536544,22335,4,1.28,5.12
536544,22336,4,1.28,5.12
536544,22345,1,1.66,1.66
536544,22348,3,1.66,4.9799999999999995
536544,22355,3,1.66,4.9799999999999995
536544,22356,9,1.66,14.94
536544,22357,1,8.47,8.47
536544,22359,2,5.91,11.82
536544,22360,2,5.91,11.82
536544,22361,2,5.91,11.82
536544,22367,1,4.21,4.21
536544,22371,1,8.47,8.47
536544,22375,2,8.47,16.94
536544,22376,1,8.47,8.47
536544,22378,2,4.21,8.42
536544,22379,2,4.21,8.42
536544,22380,1,4.21,4.21
536544,22383,1,4.21,4.21
536544,22384,2,4.21,8.42
536544,22394,1,5.06,5.06
536544,22396,1,2.51,2.51
536544,22418,1,1.66,1.66
536544,22419,4,0.85,3.4
536544,22422,2,1.28,2.56
536544,22423,40,12.72,508.8
536544,22430,1,10.17,10.17
536544,22432,1,4.21,4.21
536544,22437,1,1.66,1.66
536544,22444,1,2.51,2.51
536544,22451,2,6.77,13.54
536544,22457,6,5.91,35.46
536544,22469,8,3.36,26.88
536544,22470,1,5.91,5.91
536544,22471,1,11.02,11.02
536544,22476,1,11.02,11.02
536544,22477,2,2.51,5.02
536544,22478,1,2.51,2.51
536544,22479,1,2.51,2.51
536544,22487,1,20.38,20.38
536544,22489,1,0.85,0.85
536544,22494,2,2.51,5.02
536544,22497,2,8.47,16.94
536544,22515,1,4.21,4.21
536544,22517,1,4.21,4.21
536544,22519,1,4.21,4.21
536544,22530,5,0.85,4.25
536544,22531,8,0.85,6.8
536544,22539,4,0.85,3.4
536544,22540,1,0.85,0.85
536544,22545,1,0.85,0.85
536544,22548,1,2.51,2.51
536544,22549,1,3.36,3.36
536544,22550,2,7.62,15.24
536544,22553,1,3.36,3.36
536544,22555,1,3.36,3.36
536544,22558,4,2.51,10.04
536544,22560,1,2.51,2.51
536544,22569,1,7.62,7.62
536544,22571,1,1.66,1.66
536544,22573,5,1.66,8.299999999999999
536544,22574,1,1.66,1.66
536544,22580,1,11.87,11.87
536544,22582,1,5.06,5.06
536544,22583,1,5.06,5.06
536544,22588,3,5.06,15.18
536544,22589,1,5.06,5.06
536544,22595,1,1.66,1.66
536544,22600,1,1.66,1.66
536544,22601,2,1.66,3.32
536544,22603,4,1.66,6.64
536544,22605,1,25.49,25.49
536544,22614,1,0.85,0.85
536544,22616,3,0.85,2.55
536544,22620,7,2.51,17.57
536544,22625,2,16.98,33.96
536544,22629,1,4.21,4.21
536544,22632,1,4.21,4.21
536544,22635,1,20.38,20.38
536544,22639,1,5.06,5.06
536544,22644,1,3.36,3.36
536544,22645,1,3.36,3.36
536544,22646,1,3.36,3.36
536544,22651,3,1.66,4.9799999999999995
536544,22654,1,11.87,11.87
536544,22662,2,4.21,8.42
536544,22664,4,4.21,16.84
536544,22665,1,5.91,5.91
536544,22666,2,5.91,11.82
536544,22669,1,5.91,5.91
536544,22675,2,2.51,5.02
536544,22694,4,4.21,16.84
536544,22695,2,3.36,6.72
536544,22697,6,5.91,35.46
536544,22699,2,5.91,11.82
536544,22719,1,2.51,2.51
536544,22727,2,7.62,15.24
536544,22728,1,7.62,7.62
536544,22729,2,7.62,15.24
536544,22730,1,7.62,7.62
536544,22734,3,5.06,15.18
536544,22737,1,3.36,3.36
536544,22738,3,3.36,10.08
536544,22739,1,3.36,3.36
536544,22740,13,1.66,21.58
536544,22741,8,1.66,13.28
536544,22744,1,5.91,5.91
536544,22745,1,4.21,4.21
536544,22748,1,4.21,4.21
536544,22755,3,1.66,4.9799999999999995
536544,22757,3,2.51,7.529999999999999
536544,22758,2,2.51,5.02
536544,22759,3,3.36,10.08
536544,22760,1,25.49,25.49
536544,22769,1,51.02,51.02
536544,22791,3,2.51,7.529999999999999
536544,22792,2,1.66,3.32
536544,22798,2,5.91,11.82
536544,22812,2,4.21,8.42
536544,22813,1,4.21,4.21
536544,22816,4,0.85,3.4
536544,22818,6,0.85,5.1
536544,22822,1,12.72,12.72
536544,22835,4,9.32,37.28
536544,22837,1,9.32,9.32
536544,22844,1,16.98,16.98
536544,22847,1,34.0,34.0
536544,22862,1,8.47,8.47
536544,22865,1,4.21,4.21
536544,22866,4,4.21,16.84
536544,22867,4,4.21,16.84
536544,22876,1,4.21,4.21
536544,22899,2,4.21,8.42
536544,22900,1,5.91,5.91
536544,22906,2,3.36,6.72
536544,22909,3,1.66,4.9799999999999995
536544,22910,4,5.91,23.64
536544,22916,1,1.66,1.66
536544,22917,1,1.66,1.66
536544,22918,1,1.66,1.66
536544,22919,1,1.66,1.66
536544,22920,1,1.66,1.66
536544,22921,1,1.66,1.66
536544,22928,1,11.87,11.87
536544,22940,2,8.47,16.94
536544,22945,1,11.02,11.02
536544,22948,2,6.77,13.54
536544,22949,1,2.98,2.98
536544,22951,2,1.28,2.56
536544,22952,1,1.28,1.28
536544,22956,1,4.21,4.21
536544,22960,7,8.47,59.290000000000006
536544,22961,9,3.36,30.24
536544,22962,4,1.66,6.64
536544,22963,1,1.66,1.66
536544,22966,3,2.51,7.529999999999999
536544,22969,1,3.36,3.36
536544,22972,1,3.36,3.36
536544,22974,3,3.36,10.08
536544,22975,2,2.51,5.02
536544,22976,1,2.51,2.51
536544,22988,3,2.51,7.529999999999999
536544,35095A,2,0.84,1.68
536544,35095B,1,0.84,0.84
536544,35471D,1,2.51,2.51
536544,35598D,1,2.51,2.51
536544,35599D,1,5.91,5.91
536544,35610A,1,2.51,2.51
536544,35818P,1,3.36,3.36
536544,35957,2,1.66,3.32
536544,35961,1,1.66,1.66
536544,35971,1,2.51,2.51
536544,37370,1,16.13,16.13
536544,37449,1,21.23,21.23
536544,37476,1,18.68,18.68
536544,47559B,2,2.51,5.02
536544,47580,1,5.06,5.06
536544,47591B,2,1.66,3.32
536544,47591D,1,4.21,4.21
536544,47593B,2,0.85,1.7
536544,48188,1,14.43,14.43
536544,70007,5,3.36,16.8
536544,71053,1,8.47,8.47
536544,71459,8,1.69,13.52
536544,72586,1,0.85,0.85
536544,72799E,2,3.36,6.72
536544,72799F,2,3.36,6.72
536544,72807A,1,8.47,8.47
536544,72807B,1,8.47,8.47
536544,72807C,1,8.47,8.47
536544,72816,1,2.51,2.51
536544,72817,2,1.66,3.32
536544,79030D,1,12.72,12.72
536544,79030G,1,12.72,12.72
536544,79321,1,10.17,10.17
536544,82551,1,2.51,2.51
536544,82578,1,1.28,1.28
536544,82580,1,1.28,1.28
536544,82583,1,4.21,4.21
536544,82613B,1,2.51,2.51
536544,82613C,1,2.51,2.51
536544,82613D,1,2.51,2.51
536544,84029E,1,7.62,7.62
536544,84029G,1,7.62,7.62
536544,84031A,4,4.21,16.84
536544,84031B,1,4.21,4.21
536544,84032A,8,3.36,26.88
536544,84032B,4,3.36,13.44
536544,84050,3,4.21,12.629999999999999
536544,84086C,1,4.21,4.21
536544,84279P,1,8.47,8.47
536544,84347,4,5.06,20.24
536544,84992,1,1.28,1.28
536544,85014B,2,12.72,25.44
536544,85015,1,2.51,2.51
536544,85016,2,2.51,5.02
536544,85017A,1,0.85,0.85
536544,85017B,1,0.85,0.85
536544,85032D,2,1.66,3.32
536544,85039A,3,1.66,4.9799999999999995
536544,85048,1,16.98,16.98
536544,85049E,3,2.51,7.529999999999999
536544,85049G,1,2.51,2.51
536544,85049H,1,2.51,2.51
536544,85064,1,11.02,11.02
536544,85099B,1,4.21,4.21
536544,85114B,11,3.36,36.96
536544,85116,3,1.66,4.9799999999999995
536544,85123A,4,5.91,23.64
536544,85127,2,10.17,20.34
536544,85129D,1,2.51,2.51
536544,85131B,2,0.85,1.7
536544,85132A,2,8.47,16.94
536544,85135B,1,8.47,8.47
536544,85135C,1,8.47,8.47
536544,85152,1,4.21,4.21
536544,85176,5,1.66,8.299999999999999
536544,85177,1,1.66,1.66
536544,85178,1,2.51,2.51
536544,85186A,1,0.85,0.85
536544,85199S,10,0.85,8.5
536544,85231B,2,1.66,3.32
536544,85232B,1,4.95,4.95
536544,90003C,1,3.81,3.81
536544,90018A,1,4.24,4.24
536544,90022,1,3.81,3.81
536544,90071,1,1.26,1.26
536544,90099,1,5.06,5.06
536544,90116,1,2.51,2.51
536544,90120C,1,4.24,4.24
536544,90129A,2,1.66,3.32
536544,90129B,1,1.66,1.66
536544,90161A,1,5.09,5.09
536544,90190C,1,2.96,2.96
536544,90194,1,4.24,4.24
536544,90200A,1,4.24,4.24
536544,90200C,1,4.24,4.24
536544,90209B,1,2.11,2.11
536544,90214D,1,0.85,0.85
536544,90214G,1,0.85,0.85
536544,90214H,1,0.85,0.85
536544,90214J,1,0.85,0.85
536544,90214R,1,0.85,0.85
536544,84375,4,4.21,16.84
536544,84378,1,2.51,2.51
536544,84380,5,2.51,12.549999999999999
536544,84534B,2,1.66,3.32
536544,84535B,1,1.49,1.49
536544,84536A,3,0.85,2.55
536544,84536B,3,0.85,2.55
536544,84580,1,4.21,4.21
536544,84581,1,4.21,4.21
536544,84598,2,0.43,0.86
536544,84625A,1,5.91,5.91
536544,84692,1,0.85,0.85
536544,84832,3,1.66,4.9799999999999995
536544,84912B,2,3.36,6.72
536544,84913A,1,3.36,3.36
536544,84913B,3,3.36,10.08
536544,84923,1,4.21,4.21
536544,84946,30,2.51,75.3
536544,84949,1,3.36,3.36
536544,84988,1,2.98,2.98
536544,84991,3,1.28,3.84
536544,20856,6,1.65,9.899999999999999
536544,20854,6,1.65,9.899999999999999
536544,22633,3,2.1,6.300000000000001
536544,22866,3,2.1,6.300000000000001
536544,21218,2,3.75,7.5
536544,22968,1,9.95,9.95
536544,22862,2,4.25,8.5
536544,22845,2,6.35,12.7
536544,22844,2,8.5,17.0
536544,11001,3,3.36,10.08
536544,16236,1,0.43,0.43
536544,16237,4,0.43,1.72
536544,16238,1,0.43,0.43
536544,17003,3,0.43,1.29
536544,17011F,1,4.21,4.21
536544,17012A,3,2.51,7.529999999999999
536544,17012B,2,2.51,5.02
536544,17012C,1,2.51,2.51
536544,17012D,1,2.51,2.51
536544,17012E,1,2.51,2.51
536544,17012F,1,2.51,2.51
536544,17129F,2,1.66,3.32
536544,18098C,2,5.91,11.82
536544,20622,1,4.21,4.21
536544,20658,1,2.51,2.51
536544,20662,1,2.51,2.51
536544,20668,2,0.43,0.86
536544,20669,1,2.51,2.51
536544,20676,1,2.51,2.51
536544,20684,1,6.77,6.77
536544,20685,1,14.43,14.43
536544,20719,2,1.66,3.32
536544,20724,3,1.66,4.9799999999999995
536544,20725,4,4.21,16.84
536544,20733,1,0.85,0.85
536544,20735,1,0.85,0.85
536544,20770,4,2.51,10.04
536544,20772,1,5.06,5.06
536544,20835,1,11.02,11.02
536544,20839,1,9.32,9.32
536544,20840,1,9.32,9.32
536544,20867,1,2.51,2.51
536544,20902,1,12.72,12.72
536544,20914,3,5.91,17.73
536544,20956,1,2.51,2.51
536544,20961,2,2.51,5.02
536544,20963,1,2.51,2.51
536544,20966,4,2.51,10.04
536544,20969,2,7.62,15.24
536544,20971,1,2.51,2.51
536544,20972,2,2.51,5.02
536544,20973,1,1.28,1.28
536544,20975,1,1.28,1.28
536544,20981,1,1.66,1.66
536544,20992,1,1.66,1.66
536544,20996,1,0.84,0.84
536544,21000,1,3.36,3.36
536544,21012,2,2.51,5.02
536544,21035,3,5.91,17.73
536544,21041,2,5.91,11.82
536544,21068,1,2.51,2.51
536544,21069,1,2.51,2.51
536544,21070,1,2.51,2.51
536544,21071,1,2.51,2.51
536544,21080,1,1.66,1.66
536544,21098,23,2.51,57.73
536544,21107,1,5.91,5.91
536544,21108,3,5.06,15.18
536544,21115,1,14.43,14.43
536544,21116,1,8.47,8.47
536544,21121,7,2.51,17.57
536544,21147,2,2.51,5.02
536544,21154,1,2.51,2.51
536544,21158,2,3.36,6.72
536544,21165,1,4.21,4.21
536544,21166,2,4.21,8.42
536544,21169,1,4.21,4.21
536544,21174,1,4.21,4.21
536544,21175,2,4.21,8.42
536544,21189,4,3.36,13.44
536544,21191,6,4.21,25.259999999999998
536544,21195,5,4.21,21.05
536544,21207,2,3.36,6.72
536544,21210,1,2.98,2.98
536544,21212,8,1.28,10.24
536544,21213,2,1.28,2.56
536544,21216,1,11.02,11.02
536544,21217,1,21.23,21.23
536544,21218,1,8.47,8.47
536544,21231,4,2.51,10.04
536544,21232,4,2.51,10.04
536544,21238,4,1.66,6.64
536544,21249,1,5.91,5.91
536544,21258,1,25.49,25.49
536544,21262,2,7.62,15.24
536544,21313,2,1.66,3.32
536544,21314,12,4.21,50.519999999999996
536544,21327,1,3.36,3.36
536544,21328,2,3.36,6.72
536544,21349,1,13.57,13.57
536544,21352,2,5.91,11.82
536544,21354,1,2.51,2.51
536544,21365,1,5.91,5.91
536544,21366,1,8.47,8.47
536544,21369,1,7.62,7.62
536544,21372,1,5.91,5.91
536544,21385,2,1.66,3.32
536544,21407,2,8.47,16.94
536544,21408,1,8.47,8.47
536544,21429,5,3.36,16.8
536544,21479,5,7.62,38.1
536544,21484,4,7.62,30.48
536544,21486,1,4.21,4.21
536544,21488,1,8.47,8.47
536544,21507,1,0.85,0.85
536544,21523,1,14.43,14.43
536544,21559,1,5.06,5.06
536544,21563,2,5.91,11.82
536544,21564,2,5.91,11.82
536544,21577,2,5.06,10.12
536544,21634,1,2.51,2.51
536544,21641,1,1.66,1.66
536544,21658,1,8.47,8.47
536544,21662,2,11.87,23.74
536544,21679,3,1.66,4.9799999999999995
536544,21703,1,0.85,0.85
536544,21704,1,1.66,1.66
536544,21706,2,10.17,20.34
536544,21716,1,5.06,5.06
536544,21721,1,1.66,1.66
536544,21722,1,1.66,1.66
536544,21731,5,3.36,16.8
536544,21742,1,12.72,12.72
536544,21758,1,12.72,12.72
C536548,22244,-4,1.95,-7.8
C536548,22242,-5,1.65,-8.25
C536548,20914,-1,2.95,-2.95
C536548,22892,-7,1.25,-8.75
C536548,22654,-1,5.95,-5.95
C536548,22767,-2,9.95,-19.9
C536548,22333,-1,1.65,-1.65
C536548,22245,-2,0.85,-1.7
C536548,22077,-6,1.65,-9.899999999999999
C536548,22631,-1,1.95,-1.95
C536548,22168,-2,8.5,-17.0
C536548,21218,-3,3.75,-11.25
C536548,20957,-1,1.45,-1.45
C536548,22580,-4,5.95,-23.8
536551,84970L,1,0.95,0.95
536551,84970S,2,0.85,1.7
536551,22466,6,1.95,11.7
536551,22625,1,8.5,8.5
536551,20914,3,2.95,8.850000000000001
536551,22835,2,4.65,9.3
536551,22837,2,4.65,9.3
536551,22900,1,2.95,2.95
536551,22174,3,1.65,4.949999999999999
536551,22112,1,4.95,4.95
536551,22895,1,2.95,2.95
536551,21592,2,1.25,2.5
536551,79144B,2,0.42,0.84
536551,22551,1,1.65,1.65
536551,22310,2,1.65,3.3
536551,22557,1,1.65,1.65
536551,22555,1,1.65,1.65
536551,22480,2,1.25,2.5
536551,22482,2,1.25,2.5
536551,22481,2,1.25,2.5
536551,22663,4,1.95,7.8
536551,22659,1,1.95,1.95
536551,84949,6,1.65,9.899999999999999
536551,21326,12,0.65,7.800000000000001
536551,22713,12,0.42,5.04
536551,22310,4,1.65,6.6
536551,22111,1,4.95,4.95
536551,21592,1,1.25,1.25
536551,22629,1,1.95,1.95
536551,21916,3,0.42,1.26
536551,21917,1,0.42,0.42
536555,20697,1,2.55,2.55
536555,22716,1,0.42,0.42
536556,22599,12,0.85,10.2
536556,22597,12,0.85,10.2
536556,22336,24,0.65,15.600000000000001
536556,21922,2,7.95,15.9
536556,35961,12,0.85,10.2
536556,21843,1,10.95,10.95
536556,20749,2,7.95,15.9
536556,22694,6,2.1,12.600000000000001
536557,21495,25,0.42,10.5
536557,46000R,2,1.45,2.9
536557,46000S,1,1.45,1.45
536557,22731,1,1.25,1.25
536557,21258,1,12.75,12.75
536557,21041,1,2.95,2.95
536557,84920,1,3.75,3.75
536557,22173,1,2.95,2.95
536557,22953,1,1.25,1.25
536557,84508A,1,2.55,2.55
536557,22471,1,4.95,4.95
536557,21935,4,1.65,6.6
536557,21670,6,1.25,7.5
536557,20668,24,0.12,2.88
536557,21672,1,1.25,1.25
536557,22553,1,1.65,1.65
536557,22041,4,2.55,10.2
536557,20972,2,1.25,2.5
536557,22568,1,3.75,3.75
536557,22570,1,3.75,3.75
536557,22730,1,3.75,3.75
536557,20749,1,7.95,7.95
536557,22785,1,6.75,6.75
536557,22786,2,5.95,11.9
536557,85064,2,5.45,10.9
536557,22212,1,2.1,2.1
536557,21486,2,3.75,7.5
536557,22114,2,3.95,7.9
536557,21485,1,4.95,4.95
536557,84029E,1,3.75,3.75
536557,22678,3,1.25,3.75
536557,22686,1,1.25,1.25
536557,22468,1,6.75,6.75
536557,85232B,1,4.95,4.95
536557,21479,5,3.75,18.75
536557,84029G,2,3.75,7.5
536557,22837,5,4.65,23.25
536557,22112,2,4.95,9.9
536557,22835,1,4.65,4.65
536557,21485,2,4.95,9.9
536557,22111,7,4.95,34.65
536557,22667,1,2.95,2.95
536557,22666,1,2.95,2.95
536557,21259,4,5.95,23.8
536557,22941,1,8.5,8.5
536557,82484,1,6.45,6.45
536557,84685,1,3.75,3.75
536557,21363,1,4.95,4.95
536557,22755,11,0.85,9.35
536557,20616,2,2.1,4.2
536557,22451,3,3.35,10.05
536557,22114,1,3.95,3.95
536557,22753,9,0.85,7.6499999999999995
536557,79066K,1,0.85,0.85
536557,22794,1,7.95,7.95
536557,22592,1,3.75,3.75
536557,84352,1,16.95,16.95
536557,79321,24,4.25,102.0
536557,22694,2,2.1,4.2
536557,21098,2,1.25,2.5
536557,22470,2,2.95,5.9
536557,22795,2,6.75,13.5
536557,20963,1,1.25,1.25
536557,22278,1,4.95,4.95
536558,22802,5,19.95,99.75
536559,84884A,10,3.95,39.5
536559,51014C,24,0.85,20.4
536559,51014L,12,0.85,10.2
536559,51014C,12,0.85,10.2
536559,51014A,12,0.85,10.2
536559,22366,10,6.75,67.5
536559,22876,1,1.95,1.95
536559,22953,36,1.25,45.0
536560,79321,48,4.25,204.0
536560,48129,10,6.75,67.5
536560,48111,10,6.75,67.5
536560,22960,12,3.75,45.0
536560,22847,4,14.95,59.8
536560,22846,4,14.95,59.8
536560,22665,6,2.95,17.700000000000003
536560,22652,10,1.65,16.5
536560,22418,96,0.85,81.6
536560,22402,12,1.25,15.0
536560,22400,12,1.25,15.0
536560,22399,12,1.25,15.0
536560,20685,20,6.75,135.0
536561,22318,6,2.95,17.700000000000003
536561,22551,12,1.65,19.799999999999997
536561,22748,6,2.1,12.600000000000001
536561,22745,6,2.1,12.600000000000001
536561,21731,12,1.65,19.799999999999997
536561,22466,12,1.95,23.4
536561,20972,12,1.25,15.0
536561,22274,6,2.95,17.700000000000003
536561,22750,4,3.75,15.0
536561,22780,8,4.25,34.0
536561,22779,8,4.25,34.0
536561,22866,12,2.1,25.200000000000003
536561,22867,12,2.1,25.200000000000003
536561,22865,12,2.1,25.200000000000003
536561,22632,12,2.1,25.200000000000003
536562,21777,2,7.95,15.9
536562,79302M,6,2.95,17.700000000000003
536562,22752,2,8.5,17.0
536562,21609,6,2.95,17.700000000000003
536562,20685,2,7.95,15.9
536562,48185,2,7.95,15.9
536562,48194,2,7.95,15.9
536562,22423,2,12.75,25.5
536562,37446,8,1.45,11.6
536562,37449,2,9.95,19.9
536562,21231,12,1.25,15.0
536562,21232,12,1.25,15.0
536562,84509B,4,3.75,15.0
536562,22313,6,2.95,17.700000000000003
536562,22314,6,2.95,17.700000000000003
536562,21181,12,2.1,25.200000000000003
536562,72741,9,1.45,13.049999999999999
536562,22187,4,4.25,17.0
536563,85199S,72,0.42,30.24
536563,22909,10,0.85,8.5
536563,22798,4,2.95,11.8
536563,22800,4,3.75,15.0
536563,21818,36,0.85,30.599999999999998
536563,22976,24,1.25,30.0
536563,21452,10,2.95,29.5
536563,22964,4,2.1,8.4
536563,22941,1,8.5,8.5
536564,37446,8,1.45,11.6
536564,37449,4,9.95,39.8
536565,21372,1,2.95,2.95
536565,21369,1,3.75,3.75
536566,21668,6,1.25,7.5
536566,22771,10,1.25,12.5
536566,22805,9,1.25,11.25
536566,22772,20,1.25,25.0
536566,22774,36,1.25,45.0
536566,22773,12,1.25,15.0
536567,22867,24,2.1,50.400000000000006
536567,22866,24,2.1,50.400000000000006
536567,22865,24,2.1,50.400000000000006
536567,21231,12,1.25,15.0
536567,22645,12,1.45,17.4
536567,22646,12,1.45,17.4
536567,22632,24,2.1,50.400000000000006
536568,22915,12,0.42,5.04
536569,22171,1,8.5,8.5
536569,21462,1,6.75,6.75
536569,22622,1,9.95,9.95
536569,22616,12,0.29,3.4799999999999995
536569,22713,12,0.42,5.04
536569,22111,1,4.95,4.95
536569,22496,1,2.95,2.95
536569,84870C,1,3.75,3.75
536569,22659,1,1.95,1.95
536569,22494,1,1.25,1.25
536569,22113,1,3.75,3.75
536569,84870B,1,3.75,3.75
536569,22119,1,6.95,6.95
536569,22121,1,5.95,5.95
536569,22765,1,14.95,14.95
536569,21351,2,6.75,13.5
536569,22130,12,0.85,10.2
536569,21191,2,2.1,4.2
536569,22945,12,0.85,10.2
536569,22581,3,0.85,2.55
536569,22639,1,2.55,2.55
536569,22579,1,0.85,0.85
536569,22572,1,0.85,0.85
536569,21809,1,1.25,1.25
536569,21818,1,0.85,0.85
536569,22571,4,0.85,3.4
536569,21810,2,1.25,2.5
536569,21147,2,2.1,4.2
536569,21811,2,1.25,2.5
536569,22640,1,2.55,2.55
536569,22641,2,2.55,5.1
536569,22638,1,2.55,2.55
536569,22573,1,0.85,0.85
536569,22576,3,0.85,2.55
536569,22603,1,0.85,0.85
536569,21817,1,0.85,0.85
536569,21813,1,4.95,4.95
536569,21808,1,3.75,3.75
536569,21804,1,3.75,3.75
536569,21014,2,0.85,1.7
536569,21823,4,1.45,5.8
536569,22086,1,2.95,2.95
536569,21018,2,0.85,1.7
536569,22739,1,1.65,1.65
536569,22738,1,1.65,1.65
536569,22635,1,9.95,9.95
536569,22731,2,1.25,2.5
536569,22428,1,6.95,6.95
536569,22946,1,16.95,16.95
536569,22825,1,7.95,7.95
536569,21871,1,1.25,1.25
536569,21071,1,1.25,1.25
536569,21340,1,12.75,12.75
536569,22816,12,0.42,5.04
536569,22818,12,0.42,5.04
536569,21591,2,1.25,2.5
536569,21587,3,2.55,7.6499999999999995
536569,22750,1,3.75,3.75
536569,22767,1,9.95,9.95
536569,22660,1,7.95,7.95
536569,85232B,1,4.95,4.95
536569,22941,1,8.5,8.5
536569,21761,1,29.95,29.95
536570,84836,12,1.25,15.0
536570,21781,2,14.95,29.9
536570,22457,12,2.95,35.400000000000006
536570,22113,36,3.39,122.04
536570,22835,24,4.25,102.0
536571,85032D,6,2.1,12.600000000000001
536571,22696,6,1.95,11.7
536571,21790,12,0.85,10.2
536571,84360,2,5.95,11.9
536571,35954,48,0.42,20.16
536571,35957,48,0.42,20.16
536571,84760S,12,1.45,17.4
536571,72816,12,1.25,15.0
536571,84754,12,1.25,15.0
536571,22444,24,1.25,30.0
536571,35598D,24,0.65,15.600000000000001
536571,85045,4,4.95,19.8
536571,21352,2,6.75,13.5
536571,22065,12,1.45,17.4
536571,35598B,24,0.65,15.600000000000001
536571,85099C,10,1.95,19.5
536571,22952,24,0.55,13.200000000000001
536571,85048,2,7.95,15.9
536572,22589,6,2.55,15.299999999999999
536572,22121,3,5.95,17.85
536572,22119,3,6.95,20.85
536572,22573,24,0.85,20.4
536572,22574,24,0.85,20.4
536572,22577,24,0.85,20.4
536572,22578,24,0.85,20.4
536572,22579,24,0.85,20.4
536572,22593,24,0.85,20.4
536572,22594,24,0.85,20.4
536572,22595,24,0.85,20.4
536572,21810,12,1.25,15.0
536572,21811,12,1.25,15.0
536572,21817,12,0.85,10.2
536572,22695,12,1.45,17.4
536572,22696,6,1.95,11.7
536572,21523,10,6.75,67.5
536572,22469,12,1.65,19.799999999999997
536572,22855,12,1.25,15.0
536572,21754,6,5.95,35.7
536572,21756,3,5.95,17.85
536573,84755,16,0.65,10.4
536573,84970L,12,0.95,11.399999999999999
536573,22178,36,1.25,45.0
536573,22791,72,1.06,76.32000000000001
536574,21756,3,5.95,17.85
536575,21864,72,1.69,121.67999999999999
536575,21107,72,2.55,183.6
536575,21232,144,1.25,180.0
536575,84050,72,1.25,90.0
536575,85099B,70,1.65,115.5
536575,85123A,128,2.55,326.4
536575,15056P,48,4.6,220.79999999999998
536575,22095,252,1.25,315.0
536576,22041,144,2.1,302.40000000000003
536576,85174,16,4.25,68.0
536576,84050,96,1.25,120.0
536576,84029E,96,2.95,283.20000000000005
536576,82615,36,2.55,91.8
536576,21156,12,1.65,19.799999999999997
536576,20727,60,1.45,87.0
536576,35004C,120,4.65,558.0
536576,85099B,30,1.65,49.5
536576,85123A,128,2.55,326.4
536576,22095,72,1.25,90.0
536576,85038,72,1.69,121.67999999999999
536576,15056N,36,4.25,153.0
536576,20971,144,1.06,152.64000000000001
536576,21354,12,1.05,12.600000000000001
536576,21107,48,2.55,122.39999999999999
536577,20725,60,1.45,87.0
536577,21232,144,1.25,180.0
536577,22646,144,1.25,180.0
536577,22147,40,1.25,50.0
536578,22837,12,4.65,55.800000000000004
536578,21484,8,3.45,27.6
536578,22865,24,2.1,50.400000000000006
536578,22866,24,2.1,50.400000000000006
536578,22834,24,2.1,50.400000000000006
536578,22726,4,3.75,15.0
536578,22728,4,3.75,15.0
536578,22729,4,3.75,15.0
536579,21232,216,1.06,228.96
536579,20727,60,1.45,87.0
536580,22966,12,1.25,15.0
536580,22965,6,2.1,12.600000000000001
536580,22975,12,1.25,15.0
536580,22988,12,1.25,15.0
536580,22972,12,1.65,19.799999999999997
536580,22974,12,1.65,19.799999999999997
536581,85099B,200,1.65,330.0
536582,21668,12,1.25,15.0
536582,21672,12,1.25,15.0
536582,22771,24,1.25,30.0
536582,22530,24,0.42,10.08
536582,22534,24,0.42,10.08
536582,21374,4,3.75,15.0
536582,21365,6,2.95,17.700000000000003
536582,21479,8,3.75,30.0
536582,21481,6,2.95,17.700000000000003
536582,84032A,6,2.95,17.700000000000003
536582,84031A,6,4.65,27.900000000000002
536582,21509,12,0.42,5.04
536582,22025,12,0.42,5.04
536582,22650,12,1.45,17.4
536582,22637,12,2.55,30.599999999999998
536582,22634,2,9.95,19.9
536582,22635,2,9.95,19.9
536583,21156,120,1.65,198.0
536584,84029E,384,2.95,1132.8000000000002
536585,37449,2,9.95,19.9
536586,22846,8,14.95,119.6
536586,22848,8,14.95,119.6
536586,22726,8,3.75,30.0
536586,22728,8,3.75,30.0
536586,22725,4,3.75,15.0
536586,22729,4,3.75,15.0
536586,22730,4,3.75,15.0
536587,37448,12,1.49,17.88
536587,22744,6,2.95,17.700000000000003
536587,22743,6,2.95,17.700000000000003
536587,22646,12,1.45,17.4
536587,21232,12,1.25,15.0
536587,22466,12,1.95,23.4
536587,22540,24,0.42,10.08
536587,22531,24,0.42,10.08
536587,16237,30,0.21,6.3
536587,22752,2,8.5,17.0
536587,22114,4,3.95,15.8
536587,21108,9,2.55,22.95
536587,22355,10,0.85,8.5
536587,22449,6,3.35,20.1
536587,22867,12,2.1,25.200000000000003
536587,21986,24,0.29,6.959999999999999
536587,21982,24,0.29,6.959999999999999
536587,22421,12,0.42,5.04
536587,17003,36,0.21,7.56
536587,21098,12,1.25,15.0
536587,22548,12,1.25,15.0
536587,21790,12,0.85,10.2
536588,22960,6,4.25,25.5
536588,22961,12,1.45,17.4
536588,22962,12,0.85,10.2
536588,22963,12,0.85,10.2
536588,21777,1,7.95,7.95
536588,22666,12,2.95,35.400000000000006
536588,22667,12,2.95,35.400000000000006
536588,84997A,6,3.75,22.5
536588,84997B,6,3.75,22.5
536588,84997C,12,3.75,45.0
536588,84997D,12,3.75,45.0
536590,22969,12,1.45,17.4
536590,85123A,6,2.95,17.700000000000003
536590,22112,3,4.95,14.850000000000001
536590,22114,4,3.95,15.8
536590,21340,1,12.75,12.75
536590,22457,6,2.95,17.700000000000003
536590,21136,8,1.69,13.52
536590,22776,1,9.95,9.95
536590,21166,12,1.95,23.4
536590,22794,2,7.95,15.9
536590,71477,4,3.25,13.0
536590,22030,12,0.42,5.04
536590,22622,2,9.95,19.9
536590,21055,1,8.95,8.95
536591,21427,1,2.1,2.1
536591,22135,1,0.42,0.42
536591,90214M,1,1.25,1.25
536591,90214V,1,1.25,1.25
536591,90214S,1,1.25,1.25
536591,90214J,2,1.25,2.5
536591,22386,1,1.95,1.95
536591,22378,1,2.1,2.1
536591,20750,1,7.95,7.95
536591,21888,1,3.75,3.75
536591,22321,1,0.85,0.85
536591,21789,1,0.85,0.85
536591,21238,1,0.85,0.85
536591,21629,1,7.95,7.95
536591,22379,1,2.1,2.1
536591,72807C,2,4.25,8.5
536591,22497,1,4.25,4.25
536591,21850,1,4.95,4.95
536591,20978,2,1.25,2.5
536591,20768,1,2.55,2.55
536591,22081,1,1.65,1.65
536591,20780,1,5.49,5.49
536591,51014C,12,0.85,10.2
536591,21398,1,2.1,2.1
536591,22476,2,4.95,9.9
536591,21643,3,1.25,3.75
536591,72741,27,1.45,39.15
536591,21620,1,3.75,3.75
536591,37449,1,9.95,9.95
536591,22260,5,0.85,4.25
536591,22136,1,1.65,1.65
536591,47591B,1,1.65,1.65
536591,21041,1,2.95,2.95
536591,21035,1,2.95,2.95
536591,85064,2,5.45,10.9
536591,22121,2,5.95,11.9
536591,21488,1,3.95,3.95
536591,21484,2,3.45,6.9
536591,22357,1,4.25,4.25
536591,21985,4,0.29,1.16
536592,10135,1,2.51,2.51
536592,16168M,2,0.85,1.7
536592,16236,1,0.43,0.43
536592,16237,6,0.43,2.58
536592,16238,5,0.43,2.15
536592,17012A,1,2.51,2.51
536592,17012B,1,2.51,2.51
536592,17012C,1,2.51,2.51
536592,17012D,1,2.51,2.51
536592,17012E,1,2.51,2.51
536592,17012F,1,2.51,2.51
536592,17014A,1,3.36,3.36
536592,17084N,2,0.43,0.86
536592,17084P,1,0.43,0.43
536592,20616,1,4.21,4.21
536592,20617,1,4.21,4.21
536592,20619,1,4.21,4.21
536592,20653,1,2.51,2.51
536592,20668,6,0.43,2.58
536592,20681,1,6.77,6.77
536592,20682,2,6.77,13.54
536592,20696,1,7.62,7.62
536592,20699,2,5.06,10.12
536592,20700,1,10.17,10.17
536592,20717,1,2.51,2.51
536592,20718,1,2.51,2.51
536592,20723,1,1.66,1.66
536592,20724,1,1.66,1.66
536592,20725,2,4.21,8.42
536592,20727,2,4.21,8.42
536592,20733,6,0.85,5.1
536592,20735,4,0.85,3.4
536592,20752,1,4.21,4.21
536592,20754,1,4.21,4.21
536592,20761,1,7.62,7.62
536592,20780,1,11.02,11.02
536592,20846,1,2.51,2.51
536592,20914,1,5.91,5.91
536592,20931,2,7.62,15.24
536592,20956,2,2.51,5.02
536592,20961,1,2.51,2.51
536592,20966,1,2.51,2.51
536592,20972,1,2.51,2.51
536592,20973,15,1.28,19.2
536592,20974,12,1.28,15.36
536592,20975,18,1.28,23.04
536592,21002,2,3.36,6.72
536592,21012,6,2.51,15.059999999999999
536592,21015,1,1.28,1.28
536592,21035,2,5.91,11.82
536592,21055,2,16.98,33.96
536592,21067,1,2.51,2.51
536592,21069,1,2.51,2.51
536592,21071,1,2.51,2.51
536592,21098,22,2.51,55.22
536592,21108,19,5.06,96.13999999999999
536592,21109,1,13.57,13.57
536592,21110,2,13.57,27.14
536592,21111,2,5.91,11.82
536592,21128,1,12.72,12.72
536592,21154,2,2.51,5.02
536592,21164,1,5.91,5.91
536592,21165,3,4.21,12.629999999999999
536592,21174,4,4.21,16.84
536592,21181,2,4.21,8.42
536592,21188,2,5.91,11.82
536592,21191,5,4.21,21.05
536592,21192,2,3.36,6.72
536592,21208,1,3.36,3.36
536592,21212,12,1.28,15.36
536592,21213,1,1.28,1.28
536592,21220,1,2.51,2.51
536592,21231,8,2.51,20.08
536592,21232,5,2.51,12.549999999999999
536592,21249,1,5.91,5.91
536592,21257,2,16.13,32.26
536592,21258,3,25.49,76.47
536592,21262,1,7.62,7.62
536592,21272,1,2.51,2.51
536592,21279,1,5.06,5.06
536592,21281,1,5.06,5.06
536592,21288,1,5.91,5.91
536592,21313,8,1.66,13.28
536592,21314,8,4.21,33.68
536592,21340,1,25.49,25.49
536592,21349,3,13.57,40.71
536592,21352,7,5.91,41.370000000000005
536592,21356,1,2.51,2.51
536592,21429,3,3.36,10.08
536592,21439,1,2.51,2.51
536592,21447,1,2.51,2.51
536592,21479,8,7.62,60.96
536592,21481,3,5.91,17.73
536592,21484,2,7.62,15.24
536592,21486,7,4.21,29.47
536592,21488,1,8.47,8.47
536592,21494,2,5.06,10.12
536592,21519,1,0.85,0.85
536592,21520,1,0.85,0.85
536592,21524,1,14.43,14.43
536592,21537,2,8.47,16.94
536592,21544,1,1.66,1.66
536592,21547,1,5.91,5.91
536592,21557,1,5.91,5.91
536592,21559,1,5.06,5.06
536592,21576,1,5.06,5.06
536592,21594,1,4.21,4.21
536592,21638,1,4.21,4.21
536592,21648,3,2.51,7.529999999999999
536592,21656,1,3.36,3.36
536592,21658,1,8.47,8.47
536592,21671,2,2.51,5.02
536592,21684,1,2.51,2.51
536592,21698,1,1.66,1.66
536592,21700,1,8.47,8.47
536592,21705,2,3.36,6.72
536592,21718,1,2.51,2.51
536592,21731,1,3.36,3.36
536592,21743,1,5.91,5.91
536592,21745,1,8.47,8.47
536592,21754,1,11.87,11.87
536592,21755,1,11.87,11.87
536592,21756,1,11.87,11.87
536592,21773,3,2.51,7.529999999999999
536592,21774,5,2.51,12.549999999999999
536592,21775,3,2.51,7.529999999999999
536592,21777,2,7.95,15.9
536592,21786,7,0.85,5.95
536592,21789,2,1.66,3.32
536592,21790,5,1.66,8.299999999999999
536592,21791,1,2.51,2.51
536592,21801,10,0.43,4.3
536592,21802,17,0.43,7.31
536592,21803,12,0.43,5.16
536592,21809,1,2.51,2.51
536592,21813,1,10.17,10.17
536592,21820,1,7.62,7.62
536592,21821,1,7.62,7.62
536592,21830,1,0.85,0.85
536592,21832,3,3.36,10.08
536592,21833,2,3.36,6.72
536592,21844,1,5.91,5.91
536592,21846,4,4.21,16.84
536592,21851,3,4.21,12.629999999999999
536592,21868,2,3.36,6.72
536592,21871,3,3.36,10.08
536592,21875,1,3.36,3.36
536592,21879,1,1.66,1.66
536592,21889,2,2.51,5.02
536592,21891,4,2.51,10.04
536592,21892,1,2.51,2.51
536592,21896,1,4.21,4.21
536592,21899,1,1.66,1.66
536592,21906,1,13.57,13.57
536592,21908,1,4.21,4.21
536592,21914,2,2.51,5.02
536592,21915,3,2.51,7.529999999999999
536592,21929,1,4.21,4.21
536592,21931,1,4.21,4.21
536592,21934,1,3.36,3.36
536592,21935,2,3.36,6.72
536592,21942,2,1.66,3.32
536592,21949,2,2.51,5.02
536592,21974,5,2.98,14.9
536592,21975,11,1.28,14.08
536592,21976,1,1.28,1.28
536592,21977,21,1.28,26.88
536592,21981,1,0.85,0.85
536592,21982,2,0.85,1.7
536592,21984,1,0.85,0.85
536592,21985,1,0.85,0.85
536592,21990,2,2.51,5.02
536592,21991,2,2.51,5.02
536592,21992,14,2.51,35.14
536592,21993,6,2.51,15.059999999999999
536592,22064,2,3.36,6.72
536592,22065,1,3.36,3.36
536592,22077,7,3.36,23.52
536592,22078,1,4.21,4.21
536592,22081,2,3.36,6.72
536592,22082,6,3.36,20.16
536592,22083,2,5.91,11.82
536592,22084,1,5.91,5.91
536592,22086,22,5.91,130.02
536592,22090,1,5.91,5.91
536592,22091,2,2.51,5.02
536592,22100,1,2.51,2.51
536592,22109,2,7.62,15.24
536592,22111,3,11.02,33.06
536592,22112,3,11.02,33.06
536592,22114,3,8.47,25.410000000000004
536592,22117,1,5.91,5.91
536592,22121,1,11.87,11.87
536592,22124,2,2.51,5.02
536592,22134,4,0.85,3.4
536592,22135,4,0.85,3.4
536592,22141,4,4.21,16.84
536592,22142,1,3.36,3.36
536592,22144,2,4.21,8.42
536592,22147,2,3.36,6.72
536592,22149,2,4.21,8.42
536592,22161,7,0.81,5.67
536592,22162,3,3.36,10.08
536592,22165,1,11.02,11.02
536592,22169,1,16.98,16.98
536592,22174,5,3.36,16.8
536592,22178,8,2.51,20.08
536592,22182,1,4.21,4.21
536592,22183,2,5.91,11.82
536592,22184,1,8.47,8.47
536592,22188,2,8.47,16.94
536592,22190,3,2.51,7.529999999999999
536592,22195,4,3.36,13.44
536592,22197,34,1.66,56.44
536592,22198,2,3.36,6.72
536592,22207,1,8.47,8.47
536592,22208,1,3.36,3.36
536592,22245,2,1.66,3.32
536592,22246,2,4.21,8.42
536592,22260,2,1.66,3.32
536592,22261,2,1.66,3.32
536592,22262,3,1.66,4.9799999999999995
536592,22276,2,5.91,11.82
536592,22277,2,4.21,8.42
536592,22278,1,11.02,11.02
536592,22283,1,16.13,16.13
536592,22294,3,2.51,7.529999999999999
536592,22300,2,5.06,10.12
536592,22301,2,5.06,10.12
536592,22304,1,5.06,5.06
536592,22308,1,5.06,5.06
536592,22309,1,5.06,5.06
536592,22310,1,3.36,3.36
536592,22311,2,5.91,11.82
536592,22312,1,5.91,5.91
536592,22314,1,5.91,5.91
536592,22317,2,5.91,11.82
536592,22324,1,4.21,4.21
536592,22325,1,11.87,11.87
536592,22331,1,3.36,3.36
536592,22342,1,3.36,3.36
536592,22348,2,1.66,3.32
536592,22350,2,5.06,10.12
536592,22352,1,5.06,5.06
536592,22355,2,1.66,3.32
536592,22356,6,1.66,9.959999999999999
536592,22364,1,5.91,5.91
536592,22371,3,8.47,25.410000000000004
536592,22376,2,8.47,16.94
536592,22379,2,4.21,8.42
536592,22381,1,4.21,4.21
536592,22386,3,4.21,12.629999999999999
536592,22393,1,5.06,5.06
536592,22396,1,2.51,2.51
536592,22405,1,2.51,2.51
536592,22409,1,2.51,2.51
536592,22411,2,4.21,8.42
536592,22413,1,5.91,5.91
536592,22419,7,0.85,5.95
536592,22420,2,0.85,1.7
536592,22421,3,0.85,2.55
536592,22422,2,1.28,2.56
536592,22423,47,12.72,597.84
536592,22425,1,10.17,10.17
536592,22427,1,11.87,11.87
536592,22428,1,14.43,14.43
536592,22449,1,6.77,6.77
536592,22451,1,6.77,6.77
536592,22458,1,5.06,5.06
536592,22459,1,5.06,5.06
536592,22467,1,5.06,5.06
536592,22469,11,3.36,36.96
536592,22472,3,11.02,33.06
536592,22487,1,20.38,20.38
536592,22489,2,0.85,1.7
536592,22499,1,12.72,12.72
536592,22501,2,21.23,42.46
536592,22503,1,59.53,59.53
536592,22508,2,7.62,15.24
536592,22530,3,0.85,2.55
536592,22531,1,0.85,0.85
536592,22534,1,0.85,0.85
536592,22536,1,0.85,0.85
536592,22537,1,0.85,0.85
536592,22539,1,0.85,0.85
536592,22544,1,0.85,0.85
536592,22547,1,0.85,0.85
536592,22553,1,3.36,3.36
536592,22557,1,3.36,3.36
536592,22560,1,2.51,2.51
536592,22561,1,3.36,3.36
536592,22565,1,1.66,1.66
536592,22566,1,1.66,1.66
536592,22569,2,7.62,15.24
536592,22570,1,7.62,7.62
536592,22571,1,1.66,1.66
536592,22580,1,11.87,11.87
536592,22581,1,1.66,1.66
536592,22582,2,5.06,10.12
536592,22583,1,5.06,5.06
536592,22584,1,5.06,5.06
536592,22586,1,1.66,1.66
536592,22587,2,1.66,3.32
536592,22588,5,5.06,25.299999999999997
536592,22589,2,5.06,10.12
536592,22600,2,1.66,3.32
536592,22601,3,1.66,4.9799999999999995
536592,22602,1,1.66,1.66
536592,22603,1,1.66,1.66
536592,22619,1,7.62,7.62
536592,22620,2,2.51,5.02
536592,22622,1,21.23,21.23
536592,22624,1,16.98,16.98
536592,22625,1,16.98,16.98
536592,22631,1,4.21,4.21
536592,22632,1,4.21,4.21
536592,22637,1,5.06,5.06
536592,22645,1,3.36,3.36
536592,22649,2,11.02,22.04
536592,22651,1,1.66,1.66
536592,22659,1,4.21,4.21
536592,22663,3,4.21,12.629999999999999
536592,22664,3,4.21,12.629999999999999
536592,22665,1,5.91,5.91
536592,22666,1,5.91,5.91
536592,22668,1,5.91,5.91
536592,22669,3,5.91,17.73
536592,22673,1,2.51,2.51
536592,22678,1,2.51,2.51
536592,22692,1,7.95,7.95
536592,22694,1,4.21,4.21
536592,22696,1,4.21,4.21
536592,22697,3,5.91,17.73
536592,22699,4,5.91,23.64
536592,22712,1,0.85,0.85
536592,22713,4,0.85,3.4
536592,22726,2,7.62,15.24
536592,22734,1,5.06,5.06
536592,22735,3,3.36,10.08
536592,22737,2,3.36,6.72
536592,22738,1,3.36,3.36
536592,22739,7,3.36,23.52
536592,22741,3,1.66,4.9799999999999995
536592,22742,1,5.91,5.91
536592,22745,1,4.21,4.21
536592,22746,2,4.21,8.42
536592,22747,1,4.21,4.21
536592,22748,1,4.21,4.21
536592,22749,2,7.62,15.24
536592,22751,1,7.62,7.62
536592,22754,2,1.66,3.32
536592,22756,1,2.51,2.51
536592,22758,2,2.51,5.02
536592,22759,5,3.36,16.8
536592,22775,3,2.51,7.529999999999999
536592,22781,1,15.28,15.28
536592,22788,1,20.38,20.38
536592,22791,4,2.51,10.04
536592,22792,4,1.66,6.64
536592,22794,1,16.13,16.13
536592,22795,3,13.57,40.71
536592,22798,2,5.91,11.82
536592,22800,2,7.62,15.24
536592,22801,2,7.62,15.24
536592,22805,4,2.51,10.04
536592,22810,1,5.91,5.91
536592,22812,3,4.21,12.629999999999999
536592,22813,2,4.21,8.42
536592,22814,5,0.85,4.25
536592,22831,1,5.91,5.91
536592,22834,3,4.21,12.629999999999999
536592,22835,5,9.32,46.6
536592,22837,3,9.32,27.96
536592,22841,1,16.13,16.13
536592,22844,1,16.98,16.98
536592,22854,1,11.02,11.02
536592,22855,1,2.51,2.51
536592,22862,1,8.47,8.47
536592,22863,1,5.91,5.91
536592,22865,7,4.21,29.47
536592,22866,4,4.21,16.84
536592,22867,2,4.21,8.42
536592,22870,1,4.21,4.21
536592,22890,1,20.38,20.38
536592,22895,5,5.91,29.55
536592,22897,1,2.98,2.98
536592,22898,2,4.21,8.42
536592,22900,1,5.91,5.91
536592,22904,1,5.91,5.91
536592,22906,1,3.36,3.36
536592,22909,7,1.66,11.62
536592,22910,10,5.91,59.1
536592,22915,1,5.06,5.06
536592,22916,1,1.66,1.66
536592,22917,1,1.66,1.66
536592,22918,1,1.66,1.66
536592,22919,1,1.66,1.66
536592,22920,1,1.66,1.66
536592,22921,1,1.66,1.66
536592,22940,3,8.47,25.410000000000004
536592,22941,4,16.98,67.92
536592,22944,1,16.13,16.13
536592,22945,2,11.02,22.04
536592,22946,1,34.0,34.0
536592,22947,1,34.0,34.0
536592,22948,2,6.77,13.54
536592,22951,2,1.28,2.56
536592,22952,7,1.28,8.96
536592,22961,1,3.36,3.36
536592,22968,3,20.38,61.14
536592,22969,9,3.36,30.24
536592,22972,1,3.36,3.36
536592,22973,1,3.36,3.36
536592,22974,1,3.36,3.36
536592,22975,2,2.51,5.02
536592,22976,2,2.51,5.02
536592,22977,1,2.51,2.51
536592,22988,7,2.51,17.57
536592,35095A,1,0.84,0.84
536592,35471D,1,2.51,2.51
536592,35598B,1,6.77,6.77
536592,35599D,1,5.91,5.91
536592,35637A,1,19.53,19.53
536592,35916B,1,1.66,1.66
536592,35916C,1,1.66,1.66
536592,35957,5,1.66,8.299999999999999
536592,35961,4,1.66,6.64
536592,35964,1,1.66,1.66
536592,35965,4,3.36,13.44
536592,35967,3,1.66,4.9799999999999995
536592,37370,1,16.13,16.13
536592,37444C,1,5.91,5.91
536592,37446,1,3.36,3.36
536592,37450,1,5.91,5.91
536592,37491A,1,3.36,3.36
536592,46775D,1,11.02,11.02
536592,46776B,1,4.21,4.21
536592,47563A,1,5.91,5.91
536592,47566B,1,8.47,8.47
536592,47567B,1,12.72,12.72
536592,47590A,1,11.02,11.02
536592,47590B,1,11.02,11.02
536592,47591B,22,1.66,36.519999999999996
536592,47591D,3,4.21,12.629999999999999
536592,47593B,3,0.85,2.55
536592,47594A,1,4.21,4.21
536592,47599A,1,4.21,4.21
536592,48111,1,14.43,14.43
536592,48138,1,14.43,14.43
536592,48187,1,14.43,14.43
536592,48194,1,14.43,14.43
536592,51014A,1,1.66,1.66
536592,51014C,1,1.66,1.66
536592,70006,2,3.36,6.72
536592,70007,1,3.36,3.36
536592,71477,1,6.77,6.77
536592,71496A,2,1.49,2.98
536592,72134,1,1.66,1.66
536592,72741,3,2.82,8.459999999999999
536592,72807A,1,8.47,8.47
536592,72816,5,2.51,12.549999999999999
536592,72817,1,1.66,1.66
536592,79067,1,8.47,8.47
536592,79302M,1,5.91,5.91
536592,79321,2,10.17,20.34
536592,82551,2,2.51,5.02
536592,82552,1,2.51,2.51
536592,82578,1,1.28,1.28
536592,82580,3,1.28,3.84
536592,82582,1,4.21,4.21
536592,82599,2,4.21,8.42
536592,82613B,1,2.51,2.51
536592,82613C,1,2.51,2.51
536592,82613D,3,2.51,7.529999999999999
536592,82616C,1,2.51,2.51
536592,84029E,1,7.62,7.62
536592,84029G,2,7.62,15.24
536592,84031B,1,4.21,4.21
536592,84032A,8,3.36,26.88
536592,84032B,1,3.36,3.36
536592,84086C,1,4.21,4.21
536592,84279P,1,8.47,8.47
536592,84347,1,5.06,5.06
536592,84375,1,4.21,4.21
536592,84378,1,2.51,2.51
536592,84380,1,2.51,2.51
536592,84459B,1,3.36,3.36
536592,84509A,2,7.62,15.24
536592,84510A,2,2.51,5.02
536592,84520B,2,1.66,3.32
536592,84536A,1,0.85,0.85
536592,84536B,1,0.85,0.85
536592,84559A,1,1.69,1.69
536592,84559B,1,1.69,1.69
536592,84580,2,4.21,8.42
536592,84596J,1,2.51,2.51
536592,84609,1,16.98,16.98
536592,84659A,3,2.51,7.529999999999999
536592,84663A,1,5.91,5.91
536592,84692,3,0.85,2.55
536592,84754,1,2.51,2.51
536592,84755,4,1.27,5.08
536592,84828,2,2.51,5.02
536592,84832,1,1.66,1.66
536592,84856L,1,11.87,11.87
536592,84879,8,3.19,25.52
536592,84912B,1,3.36,3.36
536592,84913B,2,3.36,6.72
536592,84915,2,4.21,8.42
536592,84923,1,4.21,4.21
536592,84946,28,2.51,70.28
536592,84950,18,0.99,17.82
536592,84969,1,8.47,8.47
536592,84970L,3,2.13,6.39
536592,84970S,1,2.13,2.13
536592,84971S,3,1.66,4.9799999999999995
536592,84976,1,3.36,3.36
536592,84988,5,2.98,14.9
536592,84992,1,1.28,1.28
536592,85008,1,10.17,10.17
536592,85015,2,2.51,5.02
536592,85017A,1,0.85,0.85
536592,85017B,1,0.85,0.85
536592,85032D,4,1.66,6.64
536592,85040B,2,3.36,6.72
536592,85048,1,16.98,16.98
536592,85049A,3,2.51,7.529999999999999
536592,85049E,5,2.51,12.549999999999999
536592,85049G,1,2.51,2.51
536592,85053,1,4.21,4.21
536592,85064,1,11.02,11.02
536592,85099B,1,4.21,4.21
536592,85099F,1,4.21,4.21
536592,85114A,4,3.36,13.44
536592,85114B,1,3.36,3.36
536592,85114C,2,3.36,6.72
536592,85116,1,1.66,1.66
536592,85123A,9,5.91,53.19
536592,85131B,1,0.85,0.85
536592,85131D,1,0.85,0.85
536592,85132A,1,8.47,8.47
536592,85135B,1,8.47,8.47
536592,85136A,2,8.47,16.94
536592,85136C,1,8.47,8.47
536592,85150,1,5.06,5.06
536592,85170D,1,4.21,4.21
536592,85199L,1,1.28,1.28
536592,85212,4,1.66,6.64
536592,85227,2,1.66,3.32
536592,85231B,1,1.66,1.66
536592,85232B,1,4.95,4.95
536592,85232D,1,10.17,10.17
536592,90013B,1,4.24,4.24
536592,90018B,1,4.24,4.24
536592,90019B,1,5.51,5.51
536592,90024C,1,8.49,8.49
536592,90036F,1,8.07,8.07
536592,90040B,1,3.81,3.81
536592,90051,1,7.22,7.22
536592,90054,1,2.54,2.54
536592,90077,1,2.96,2.96
536592,90124B,1,10.17,10.17
536592,90134,1,2.96,2.96
536592,90138,1,5.51,5.51
536592,90161A,1,5.09,5.09
536592,90161B,2,5.09,10.18
536592,90166,1,4.24,4.24
536592,90173,1,3.81,3.81
536592,90177C,1,2.96,2.96
536592,90177E,1,2.96,2.96
536592,90181B,1,9.34,9.34
536592,90192,1,5.09,5.09
536592,90200C,1,4.24,4.24
536592,90206C,1,5.09,5.09
536592,90209C,1,2.11,2.11
536592,90211A,1,5.94,5.94
536592,90214A,2,0.85,1.7
536592,90214E,1,0.85,0.85
536592,90214H,1,0.85,0.85
536592,90214S,1,0.85,0.85
536592,20970,3,3.75,11.25
536592,22785,3,6.75,20.25
536592,84658,3,6.95,20.85
536592,20728,9,1.65,14.85
536592,82494L,3,2.95,8.850000000000001
536592,22165,3,12.75,38.25
536592,22467,3,2.55,7.6499999999999995
536592,22448,3,3.35,10.05
536592,22447,3,3.35,10.05
536592,22446,3,3.35,10.05
536592,20665,3,2.95,8.850000000000001
536593,21524,2,7.95,15.9
536593,22366,2,7.95,15.9
536593,22519,6,2.1,12.600000000000001
536593,22222,3,4.95,14.850000000000001
536593,21472,6,3.75,22.5
536594,21733,6,2.95,17.700000000000003
536594,22113,4,3.75,15.0
536594,22804,6,2.95,17.700000000000003
536594,84970L,12,0.95,11.399999999999999
536594,85123A,6,2.95,17.700000000000003
536595,21877,1,1.25,1.25
536595,21137,60,3.39,203.4
536595,22041,24,2.55,61.199999999999996
536595,22121,4,5.95,23.8
536595,21756,4,5.95,23.8
536595,21705,5,1.65,8.25
536595,22694,5,2.1,10.5
536595,20679,1,5.95,5.95
536595,21577,1,2.25,2.25
536595,22524,1,1.25,1.25
536595,20765,2,3.75,7.5
536596,21624,1,5.95,5.95
536596,22900,1,2.95,2.95
536596,22114,1,3.95,3.95
536596,21967,1,0.29,0.29
536596,84926A,4,1.25,5.0
536596,22802,1,19.95,19.95
536597,22952,4,0.55,2.2
536597,21704,1,0.85,0.85
536597,21703,4,0.42,1.68
536597,21705,2,1.65,3.3
536597,85035C,1,4.25,4.25
536597,72803A,1,4.25,4.25
536597,22086,1,2.95,2.95
536597,22910,1,2.95,2.95
536597,22583,2,2.55,5.1
536597,22731,1,1.25,1.25
536597,20682,1,3.25,3.25
536597,72802C,3,4.25,12.75
536597,22384,1,1.65,1.65
536597,40001,4,0.85,3.4
536597,21709,1,4.95,4.95
536597,22220,1,9.95,9.95
536597,21739,1,2.95,2.95
536597,85034A,1,4.25,4.25
536597,72818,4,0.85,3.4
536597,72798C,1,1.65,1.65
536597,22197,6,0.85,5.1
536597,20726,1,1.65,1.65
536597,84744,1,1.25,1.25
536597,35271S,14,0.19,2.66
536597,21380,1,2.95,2.95
536597,22909,1,0.85,0.85
536597,21221,5,1.25,6.25
536597,20755,6,0.85,5.1
536598,21421,12,1.25,15.0
536598,21422,16,0.85,13.6
536598,22178,24,1.25,30.0
536598,22617,24,4.25,102.0
536599,22968,8,8.5,68.0
536599,22727,4,3.75,15.0
536599,22726,12,3.75,45.0
536599,84945,36,0.85,30.599999999999998
536599,20749,12,6.35,76.19999999999999
536599,21056,8,8.95,71.6
536600,85123A,6,2.55,15.299999999999999
536600,71053,6,3.39,20.34
536600,82483,4,4.95,19.8
536600,82486,2,6.95,13.9
536600,82482,6,2.1,12.600000000000001
536600,82494L,6,2.55,15.299999999999999
536600,22411,6,1.65,9.899999999999999
536600,84029G,6,3.39,20.34
536600,84029E,6,3.39,20.34
536600,22752,2,7.65,15.3
536600,22803,2,35.75,71.5
536600,21730,4,4.25,17.0
536601,22632,6,1.85,11.100000000000001
536601,22633,6,1.85,11.100000000000001
536602,37370,6,1.06,6.36
536602,21871,6,1.06,6.36
536602,21071,6,1.06,6.36
536602,21068,6,1.06,6.36
536602,82483,4,4.95,19.8
536602,22411,6,1.65,9.899999999999999
536602,84029G,6,3.39,20.34
536602,84029E,6,3.39,20.34
536602,21730,4,4.25,17.0
536602,22752,2,7.65,15.3
536602,85123A,6,2.55,15.299999999999999
536602,71053,6,3.39,20.34
536603,22632,6,1.85,11.100000000000001
536603,22633,6,1.85,11.100000000000001
536604,84832,12,0.85,10.2
536604,85231B,12,0.85,10.2
536604,22189,12,3.95,47.400000000000006
536604,22457,6,2.95,17.700000000000003
536604,22863,6,2.95,17.700000000000003
536604,22792,12,0.85,10.2
536604,84970S,12,0.85,10.2
536604,72741,18,1.45,26.099999999999998
536604,22961,24,1.45,34.8
536605,21364,2,6.75,13.5
536605,22219,12,0.85,10.2
536605,20966,10,1.25,12.5
536605,22107,8,3.75,30.0
536605,22109,8,3.75,30.0
536605,21181,12,2.1,25.200000000000003
536605,21042,3,5.95,17.85
536605,47567B,3,5.95,17.85
536605,22111,3,4.95,14.850000000000001
536605,22271,6,2.95,17.700000000000003
536605,22272,6,2.95,17.700000000000003
536605,22273,6,2.95,17.700000000000003
536605,22274,6,2.95,17.700000000000003
536605,20963,10,1.25,12.5
536605,21172,12,1.45,17.4
C536606,20914,-2,2.95,-5.9
536607,72760B,2,9.95,19.9
536607,22602,12,0.85,10.2
536607,21754,3,5.95,17.85
536607,21756,3,5.95,17.85
536607,21481,6,2.95,17.700000000000003
536607,22114,4,3.95,15.8
536607,22386,10,1.95,19.5
536607,85099B,10,1.95,19.5
536607,22365,2,7.95,15.9
536607,21955,2,7.95,15.9
536607,21733,6,2.95,17.700000000000003
536607,84879,8,1.69,13.52
536607,22423,1,12.75,12.75
536607,22624,2,8.5,17.0
536607,22507,4,4.95,19.8
536607,22457,6,2.95,17.700000000000003
536607,22804,6,2.95,17.700000000000003
536607,85123A,6,2.95,17.700000000000003
536608,22863,6,2.95,17.700000000000003
536608,22962,12,0.85,10.2
536608,22963,12,0.85,10.2
536609,85123A,6,2.55,15.299999999999999
536609,71053,6,3.39,20.34
536609,84406B,6,2.75,16.5
536609,37370,6,1.06,6.36
536609,21871,6,1.06,6.36
536609,21071,6,1.06,6.36
536609,21068,6,1.06,6.36
536609,82483,4,4.95,19.8
536609,82486,4,6.95,27.8
536609,82482,6,2.1,12.600000000000001
536609,82494L,6,2.55,15.299999999999999
536609,22411,6,1.65,9.899999999999999
536609,84029G,6,3.39,20.34
536609,84029E,6,3.39,20.34
536609,22752,2,7.65,15.3
536609,21730,6,4.25,25.5
536610,22632,6,1.85,11.100000000000001
536610,22633,6,1.85,11.100000000000001
536611,22865,12,2.1,25.200000000000003
536611,22866,12,2.1,25.200000000000003
536611,22632,24,2.1,50.400000000000006
536611,22633,12,2.1,25.200000000000003
536611,21790,12,0.85,10.2
536611,21889,12,1.25,15.0
536611,22549,12,1.45,17.4
536611,84031A,3,4.65,13.950000000000001
536611,84032A,6,2.95,17.700000000000003
536611,62096A,6,1.25,7.5
536611,85071D,6,2.55,15.299999999999999
536611,21915,12,1.25,15.0
536611,82580,12,0.55,6.6000000000000005
536611,21272,12,1.25,15.0
536612,85123A,6,2.55,15.299999999999999
536612,71053,6,3.39,20.34
536612,84406B,6,2.75,16.5
536612,37370,6,1.06,6.36
536612,21871,6,1.06,6.36
536612,21071,6,1.06,6.36
536612,21068,6,1.06,6.36
536612,82483,4,4.95,19.8
536612,82486,2,6.95,13.9
536612,82482,6,2.1,12.600000000000001
536612,82494L,6,2.55,15.299999999999999
536612,22411,6,1.65,9.899999999999999
536612,84029G,6,3.39,20.34
536612,84029E,6,3.39,20.34
536612,21730,4,4.25,17.0
536613,22149,6,2.1,12.600000000000001
536613,22818,12,0.42,5.04
536613,22044,12,0.42,5.04
536613,21790,12,0.85,10.2
536613,22619,8,3.75,30.0
536613,22620,12,1.25,15.0
536613,21918,24,0.42,10.08
536613,22544,24,0.42,10.08
536613,21791,12,1.25,15.0
536613,22029,12,0.42,5.04
536613,22037,12,0.42,5.04
536613,22652,10,1.65,16.5
536613,84836,12,1.25,15.0
536613,22910,6,2.95,17.700000000000003
536613,22736,10,1.65,16.5
536613,21360,1,9.95,9.95
536613,22945,12,0.85,10.2
536614,22632,6,1.85,11.100000000000001
536614,22633,6,1.85,11.100000000000001
536615,22367,8,1.95,15.6
536615,84077,48,0.29,13.919999999999998
536615,22618,2,9.95,19.9
536615,22752,4,8.5,34.0
536615,22837,8,4.65,37.2
536615,22634,2,9.95,19.9
536615,22898,8,1.95,15.6
536615,22781,2,7.65,15.3
536615,22467,12,2.55,30.599999999999998
536615,84792,8,4.65,37.2
536615,21754,3,5.95,17.85
536615,22120,3,9.95,29.849999999999998
536616,21137,72,3.39,244.08
536617,21356,12,1.25,15.0
536617,21354,12,1.25,15.0
536617,79321,24,4.25,102.0
536617,72741,144,1.25,180.0
536617,22179,24,5.95,142.8
536617,85116,96,0.65,62.400000000000006
536617,21125,12,1.25,15.0
536617,85175,96,0.42,40.32
536617,79302M,20,2.55,51.0
536617,20893,108,2.1,226.8
536617,21743,96,2.55,244.79999999999998
536618,20975,24,0.65,15.600000000000001
536618,21592,24,1.25,30.0
536618,22551,24,1.65,39.599999999999994
536618,22555,24,1.65,39.599999999999994
536618,22556,24,1.65,39.599999999999994
536618,22197,48,0.85,40.8
536618,22198,24,1.65,39.599999999999994
536618,22418,24,0.85,20.4
536618,21791,24,1.25,30.0
536618,21914,36,1.25,45.0
536618,21915,24,1.25,30.0
536618,22440,40,0.42,16.8
536618,22434,16,1.95,31.2
536618,22466,24,1.95,46.8
536618,22564,12,1.25,15.0
536618,84077,48,0.29,13.919999999999998
536618,84375,12,2.1,25.200000000000003
536618,22909,36,0.85,30.599999999999998
536618,22910,40,2.55,102.0
536618,22943,24,4.25,102.0
536618,22952,48,0.55,26.400000000000002
536619,22960,12,3.75,45.0
536619,22961,36,1.45,52.199999999999996
536620,22965,6,2.1,12.600000000000001
536620,21215,120,0.42,50.4
536620,21212,120,0.42,50.4
536620,21977,120,0.42,50.4
536620,84991,120,0.42,50.4
536620,22961,12,1.45,17.4
536620,22744,6,2.95,17.700000000000003
536620,22743,6,2.95,17.700000000000003
536620,85049E,12,1.25,15.0
536620,85049G,12,1.25,15.0
536620,21328,12,1.65,19.799999999999997
536620,21058,12,0.85,10.2
536620,21060,12,0.85,10.2
536620,21061,12,0.85,10.2
536620,21062,12,0.85,10.2
536620,21719,12,0.85,10.2
536620,21722,12,0.85,10.2
536620,21724,12,0.85,10.2
536620,84826,60,0.85,51.0
536620,21883,24,0.65,15.600000000000001
536620,21881,12,0.65,7.800000000000001
536620,21880,12,0.65,7.800000000000001
536620,22943,3,4.95,14.850000000000001
536621,22549,24,1.45,34.8
536621,22492,72,0.65,46.800000000000004
536621,10135,10,1.25,12.5
536621,22422,12,0.65,7.800000000000001
536621,21790,48,0.85,40.8
536621,22536,48,0.42,20.16
536621,22561,12,1.65,19.799999999999997
536621,22752,12,8.5,102.0
536621,21791,36,1.25,45.0
536621,22491,24,0.85,20.4
C536622,22752,-2,8.5,-17.0
536623,21355,24,1.25,30.0
536623,21756,6,5.95,35.7
536623,21518,12,0.42,5.04
536623,21520,12,0.42,5.04
536623,21506,12,0.42,5.04
536623,22023,12,0.42,5.04
536623,21519,12,0.42,5.04
536623,22037,12,0.42,5.04
536623,22029,12,0.42,5.04
536623,22030,12,0.42,5.04
536623,22027,12,0.42,5.04
536623,22983,24,0.42,10.08
536623,22718,24,0.42,10.08
536623,22717,12,0.42,5.04
536623,22712,24,0.42,10.08
536623,22028,12,0.42,5.04
536623,22815,24,0.42,10.08
536623,72818,24,0.85,20.4
536623,22697,12,2.95,35.400000000000006
536623,21670,12,1.25,15.0
536623,21669,12,1.25,15.0
536623,21671,12,1.25,15.0
536623,21673,12,1.25,15.0
536623,21672,12,1.25,15.0
536623,22771,12,1.25,15.0
536623,22775,12,1.25,15.0
536623,22772,12,1.25,15.0
536623,22774,12,1.25,15.0
536623,48185,4,7.95,31.8
536623,48187,4,7.95,31.8
536623,82494L,12,2.95,35.400000000000006
536623,22245,24,0.85,20.4
536623,84755,32,0.65,20.8
536623,22460,24,1.25,30.0
536623,84970L,24,0.95,22.799999999999997
536623,22432,6,1.95,11.7
536623,22433,6,1.95,11.7
536623,22431,6,1.95,11.7
536623,84674,6,2.95,17.700000000000003
536623,82486,4,7.95,31.8
536623,82483,4,5.95,23.8
536623,21068,12,1.25,15.0
536623,21069,12,1.25,15.0
536623,21070,12,1.25,15.0
536623,22972,12,1.65,19.799999999999997
536623,22974,12,1.65,19.799999999999997
536623,22419,36,0.42,15.12
536623,21071,12,1.25,15.0
536624,22676,10,1.25,12.5
536624,22727,24,3.75,90.0
536624,22726,24,3.75,90.0
536624,22730,8,3.75,30.0
536624,22725,8,3.75,30.0
536624,22672,12,1.65,19.799999999999997
536624,22109,16,3.39,54.24
536624,22925,2,5.95,11.9
536624,22926,2,5.95,11.9
536624,22927,2,5.95,11.9
536624,22699,6,2.95,17.700000000000003
536624,20914,6,2.95,17.700000000000003
536624,21212,24,0.55,13.200000000000001
536624,21843,4,10.95,43.8
536624,21588,12,2.55,30.599999999999998
536624,21584,20,1.65,33.0
536624,22568,4,3.75,15.0
536624,22569,4,3.75,15.0
536624,22570,4,3.75,15.0
536624,21914,12,1.25,15.0
536624,21915,12,1.25,15.0
536624,22549,12,1.45,17.4
536626,22965,6,2.1,12.600000000000001
C536625,22839,-2,14.95,-29.9
536627,22927,2,5.95,11.9
536627,22928,2,5.95,11.9
536627,22926,2,5.95,11.9
536627,22776,2,9.95,19.9
536627,22778,4,3.95,15.8
536627,22777,2,8.5,17.0
536627,22783,1,19.95,19.95
536627,22941,2,8.5,17.0
536627,21756,3,5.95,17.85
536627,22961,12,1.45,17.4
536627,22423,4,12.75,51.0
536627,22697,12,2.95,35.400000000000006
536627,22699,12,2.95,35.400000000000006
536627,21755,4,5.95,23.8
536628,85123A,6,2.55,15.299999999999999
536628,71053,6,3.39,20.34
536628,84406B,6,2.75,16.5
536628,37370,6,1.06,6.36
536628,21871,6,1.06,6.36
536628,21071,6,1.06,6.36
536628,21068,6,1.06,6.36
536628,82483,4,4.95,19.8
536628,82486,2,6.95,13.9
536628,82482,6,2.1,12.600000000000001
536628,82494L,6,2.55,15.299999999999999
536628,22411,6,1.65,9.899999999999999
536628,84029G,6,3.39,20.34
536628,84029E,6,3.39,20.34
536628,22752,2,7.65,15.3
536628,21730,6,4.25,25.5
536629,22632,6,1.85,11.100000000000001
536629,22633,6,1.85,11.100000000000001
536630,85123A,6,2.55,15.299999999999999
536630,71053,6,3.39,20.34
536630,84406B,6,2.75,16.5
536630,37370,6,1.06,6.36
536630,21871,6,1.06,6.36
536630,21071,6,1.06,6.36
536630,21068,6,1.06,6.36
536630,82483,4,4.95,19.8
536630,82486,4,6.95,27.8
536630,82482,6,2.1,12.600000000000001
536630,82494L,6,2.55,15.299999999999999
536630,22411,6,1.65,9.899999999999999
536630,84029G,6,3.39,20.34
536630,84029E,6,3.39,20.34
536630,22752,2,7.65,15.3
536630,21730,6,4.25,25.5
536631,22632,6,1.85,11.100000000000001
536631,22633,6,1.85,11.100000000000001
536632,21931,10,1.95,19.5
536632,85099B,10,1.95,19.5
536632,22386,10,1.95,19.5
536632,22477,10,1.25,12.5
536632,21875,12,1.25,15.0
536632,37370,12,1.25,15.0
536632,21479,4,3.75,15.0
536632,21484,4,3.45,13.8
536632,21485,3,4.95,14.850000000000001
536632,22111,3,4.95,14.850000000000001
536632,22837,4,4.65,18.6
536632,22812,12,1.95,23.4
536632,22739,10,1.65,16.5
536632,22924,12,0.85,10.2
536632,22923,12,0.85,10.2
536632,22961,12,1.45,17.4
536632,22964,6,2.1,12.600000000000001
536632,22988,12,1.25,15.0
536632,21843,1,10.95,10.95
536632,21217,1,9.95,9.95
536632,79066K,10,0.85,8.5
536633,22952,24,0.55,13.200000000000001
536633,22301,1,2.55,2.55
536633,22960,6,4.25,25.5
536633,22446,3,3.35,10.05
536633,22086,10,2.95,29.5
536633,22961,6,1.45,8.7
536633,22728,4,3.75,15.0
536633,22730,4,3.75,15.0
536633,84380,6,1.25,7.5
536633,22832,4,10.75,43.0
536633,22926,1,5.95,5.95
536633,22920,2,0.65,1.3
536633,22916,2,0.65,1.3
536633,22919,2,0.65,1.3
536633,22917,2,0.65,1.3
536633,22921,2,0.65,1.3
536633,22918,2,0.65,1.3
536633,22909,24,0.85,20.4
536634,22457,4,2.95,11.8
536634,20674,12,1.25,15.0
536634,20676,12,1.25,15.0
536634,20727,20,1.65,33.0
536634,82582,1,2.1,2.1
536634,21181,2,2.1,4.2
536634,22900,1,2.95,2.95
536634,82494L,2,2.95,5.9
536634,21967,12,0.29,3.4799999999999995
536634,22170,3,6.75,20.25
536634,21210,2,1.45,2.9
536634,21679,30,0.85,25.5
536634,22094,6,1.25,7.5
536634,21080,52,0.85,44.199999999999996
536635,21429,16,1.65,26.4
536635,21428,8,4.25,34.0
536635,22961,12,1.45,17.4
536635,84375,12,2.1,25.200000000000003
536635,21877,12,1.25,15.0
536635,21870,12,1.25,15.0
536635,21868,12,1.25,15.0
536635,85150,12,2.55,30.599999999999998
536635,85152,12,2.1,25.200000000000003
536635,21181,12,2.1,25.200000000000003
536635,22441,8,2.1,16.8
536635,22840,4,7.95,31.8
536635,22502,8,5.95,47.6
536635,22855,48,1.06,50.88
536635,21754,6,5.95,35.7
536635,22557,12,1.65,19.799999999999997
536635,22759,12,1.65,19.799999999999997
536635,84029E,8,3.75,30.0
536635,22114,8,3.95,31.6
536635,22112,12,4.95,59.400000000000006
536636,22086,36,2.95,106.2
536637,22198,2,1.65,3.3
536637,22130,12,0.85,10.2
536637,79191C,1,0.85,0.85
536637,20733,1,0.85,0.85
536637,22867,1,2.1,2.1
536637,22633,2,2.1,4.2
536637,47471,1,0.65,0.65
536637,85231B,1,0.85,0.85
536637,85231G,1,0.85,0.85
536637,21212,1,0.55,0.55
536637,22633,1,2.1,2.1
536637,16046,1,0.85,0.85
536637,22654,1,5.95,5.95
536637,22652,1,1.65,1.65
536637,22653,2,1.95,3.9
536637,21914,1,1.25,1.25
536637,22961,2,1.45,2.9
536637,22616,12,0.29,3.4799999999999995
536637,85135B,1,7.95,7.95
536637,22197,1,0.85,0.85
536637,22960,2,4.25,8.5
536637,22696,1,1.95,1.95
536637,22196,2,0.85,1.7
536637,22768,2,9.95,19.9
536637,48138,1,7.95,7.95
536637,22866,1,2.1,2.1
536637,22945,6,0.85,5.1
536637,22731,4,1.25,5.0
536637,22945,12,0.85,10.2
536637,21154,1,1.25,1.25
536637,22911,1,2.95,2.95
536637,22755,1,0.85,0.85
536637,22195,1,1.65,1.65
536637,21154,2,1.25,2.5
536637,21328,1,1.65,1.65
536637,85114C,8,1.65,13.2
536637,21326,24,0.65,15.600000000000001
536637,22796,2,9.95,19.9
536637,22130,6,0.85,5.1
536637,22733,4,1.25,5.0
536637,22560,3,1.25,3.75
536637,22491,3,0.85,2.55
536637,22489,3,0.42,1.26
536637,72818,1,0.85,0.85
536637,20878,1,1.25,1.25
536637,22920,1,0.65,0.65
536637,22917,1,0.65,0.65
536637,22919,2,0.65,1.3
536637,22918,2,0.65,1.3
536637,22916,2,0.65,1.3
536637,22921,2,0.65,1.3
536637,84692,1,0.42,0.42
536637,22659,1,1.95,1.95
536637,22315,1,1.25,1.25
536637,22559,1,1.25,1.25
536637,22896,1,2.55,2.55
536637,20967,1,3.75,3.75
536637,21098,1,1.25,1.25
536637,22568,1,3.75,3.75
536638,20992,12,0.85,10.2
536638,51014A,12,0.85,10.2
536638,22113,4,3.75,15.0
536638,22111,3,4.95,14.850000000000001
536638,84032B,6,2.95,17.700000000000003
536638,84031B,3,4.65,13.950000000000001
536638,84031A,3,4.65,13.950000000000001
536638,21430,4,3.75,15.0
536638,21429,8,1.65,13.2
536638,21313,12,0.85,10.2
536638,21108,9,2.55,22.95
536638,47599B,6,2.1,12.600000000000001
536638,47566B,5,4.65,23.25
536638,22499,3,5.95,17.85
536638,22090,6,2.95,17.700000000000003
536638,22071,6,3.75,22.5
536638,22070,6,3.75,22.5
536638,21216,4,4.95,19.8
536638,22637,6,2.55,15.299999999999999
536638,20983,12,0.85,10.2
536638,20975,24,0.65,15.600000000000001
536638,20750,2,7.95,15.9
536638,21041,6,2.95,17.700000000000003
536638,21537,4,4.25,17.0
536638,21533,3,4.95,14.850000000000001
536638,21527,2,7.95,15.9
536638,21538,4,3.75,15.0
536638,85216,12,0.65,7.800000000000001
536638,84992,24,0.55,13.200000000000001
536638,84991,24,0.55,13.200000000000001
536638,22352,6,2.55,15.299999999999999
536638,84509A,4,3.75,15.0
536638,84510A,10,1.25,12.5
536638,22131,6,1.95,11.7
536638,21163,12,1.45,17.4
536638,21158,12,1.45,17.4
536638,21161,12,1.45,17.4
536638,21159,12,1.45,17.4
536638,84970L,12,0.95,11.399999999999999
536638,72741,18,1.45,26.099999999999998
536638,22502,4,5.95,23.8
536638,22469,12,1.65,19.799999999999997
536638,22212,6,2.1,12.600000000000001
536638,84406B,8,3.25,26.0
536638,22188,4,3.95,15.8
536638,84971S,24,0.85,20.4
536638,21390,24,1.25,30.0
536638,84836,12,1.25,15.0
536638,22297,24,1.25,30.0
536638,22335,24,0.65,15.600000000000001
536638,22285,12,1.65,19.799999999999997
536638,22284,12,1.65,19.799999999999997
536638,21383,12,0.65,7.800000000000001
536638,21381,12,1.69,20.28
536638,21380,6,2.95,17.700000000000003
536638,47590B,3,5.45,16.35
536638,47590A,3,5.45,16.35
536638,22210,12,1.65,19.799999999999997
536638,22209,12,1.65,19.799999999999997
536638,22208,12,1.65,19.799999999999997
536638,22318,6,2.95,17.700000000000003
536638,20974,24,0.65,15.600000000000001
536638,20982,12,0.85,10.2
536639,22632,12,2.1,25.200000000000003
536639,21872,12,1.25,15.0
536639,48111,2,7.95,15.9
536639,21888,4,3.75,15.0
536639,22867,12,2.1,25.200000000000003
536639,22866,12,2.1,25.200000000000003
536639,22865,12,2.1,25.200000000000003
536639,22112,3,4.95,14.850000000000001
536639,84029G,4,3.75,15.0
536639,22637,6,2.55,15.299999999999999
536639,22090,6,2.95,17.700000000000003
536639,21042,3,5.95,17.85
536639,22961,12,1.45,17.4
536639,22365,2,7.95,15.9
536639,48138,2,7.95,15.9
536639,22822,2,5.95,11.9
536640,21914,1,1.25,1.25
536640,22661,1,0.85,0.85
536640,22560,1,1.25,1.25
536640,22411,1,1.95,1.95
536640,22633,1,2.1,2.1
536640,22632,1,2.1,2.1
536640,22867,1,2.1,2.1
536640,20754,1,2.1,2.1
536640,85035A,1,4.25,4.25
536640,22667,1,2.95,2.95
536640,22761,1,24.95,24.95
536641,22187,1,4.25,4.25
C536642,21463,-1,5.95,-5.95
536643,85136A,1,7.95,7.95
536643,85099B,2,1.95,3.9
536643,22385,4,1.95,7.8
536643,21870,1,1.25,1.25
536643,20723,1,0.85,0.85
536643,20967,2,3.75,7.5
536643,20969,2,3.75,7.5
536643,20970,1,3.75,3.75
536643,85099B,3,1.95,5.85
536643,22418,2,0.85,1.7
536643,22374,2,4.25,8.5
536643,22372,2,4.25,8.5
536643,22375,2,4.25,8.5
536643,22371,1,4.25,4.25
536643,22634,2,9.95,19.9
536643,22663,2,1.95,3.9
536643,22662,2,1.65,3.3
536643,22650,4,1.45,5.8
536643,22578,5,0.85,4.25
536643,22579,6,0.85,5.1
536643,21479,2,3.75,7.5
536643,22112,6,4.95,29.700000000000003
536643,22110,4,2.55,10.2
536643,84997B,3,3.75,11.25
536643,84997A,3,3.75,11.25
536643,84997C,2,3.75,7.5
536643,84997D,7,3.75,26.25
536663,22867,24,2.1,50.400000000000006
536663,22633,24,2.1,50.400000000000006
536663,22632,24,2.1,50.400000000000006
536663,22910,40,2.55,102.0
536663,22737,20,1.65,33.0
536663,22952,24,0.55,13.200000000000001
536667,22601,24,0.85,20.4
536667,22602,24,0.85,20.4
536667,22579,24,0.85,20.4
536667,22574,24,0.85,20.4
536667,22576,24,0.85,20.4
536667,22594,24,0.85,20.4
536667,22595,12,0.85,10.2
536667,22423,4,12.75,51.0
536667,21217,2,9.95,19.9
536667,22086,12,2.95,35.400000000000006
536667,22910,12,2.95,35.400000000000006
536667,84347,6,2.55,15.299999999999999
536667,21741,6,2.95,17.700000000000003
536667,21738,6,2.95,17.700000000000003
536667,21739,6,2.95,17.700000000000003
536667,79321,4,4.95,19.8
536670,22469,40,1.45,58.0
536671,85061W,24,0.85,20.4
536671,22855,12,1.25,15.0
536671,22465,24,1.65,39.599999999999994
536671,22740,48,0.85,40.8
536671,21385,24,0.85,20.4
536672,22812,24,1.95,46.8
536672,20749,6,7.95,47.7
536672,22729,4,3.75,15.0
536672,21288,6,2.95,17.700000000000003
536673,21014,60,0.85,51.0
536673,21803,36,0.42,15.12
536673,21801,36,0.42,15.12
536673,72816,48,1.06,50.88
536673,22909,96,0.64,61.44
536673,40016,144,0.42,60.48
536673,22491,48,0.85,40.8
536673,21791,36,1.25,45.0
536674,21034,5,0.95,4.75
536674,22650,4,1.45,5.8
536674,22202,2,3.75,7.5
536674,21064,1,5.95,5.95
536674,21364,1,6.75,6.75
536674,22964,1,2.1,2.1
536674,22131,1,1.95,1.95
536674,48173C,1,7.95,7.95
536674,47591B,1,1.65,1.65
536674,47591D,1,1.95,1.95
536674,85038,7,2.1,14.700000000000001
536674,22195,1,1.65,1.65
536674,84341B,1,0.85,0.85
536674,84509G,2,3.75,7.5
536674,22367,2,1.95,3.9
536674,16235,48,0.21,10.08
536674,84755,32,0.65,20.8
536674,21161,2,1.45,2.9
536674,20986,4,1.25,5.0
536674,20832,4,0.85,3.4
536674,22501,1,9.95,9.95
536676,84846A,6,2.1,12.600000000000001
536676,22442,2,7.95,15.9
536676,22759,12,1.65,19.799999999999997
536676,22168,2,8.5,17.0
536676,22797,1,16.95,16.95
536676,22595,12,0.85,10.2
536676,21563,6,2.95,17.700000000000003
536676,22969,12,1.45,17.4
536676,21769,1,79.95,79.95
536681,84406B,1,3.25,3.25
536681,22294,10,1.25,12.5
536681,22295,6,1.65,9.899999999999999
536681,22906,1,1.65,1.65
536681,22988,1,1.25,1.25
536681,84879,8,1.69,13.52
536681,22423,3,12.75,38.25
536681,22633,2,2.1,4.2
536681,22867,1,2.1,2.1
536681,22866,1,2.1,2.1
536681,21586,3,2.55,7.6499999999999995
536681,21584,6,1.65,9.899999999999999
536681,21588,3,2.55,7.6499999999999995
536685,84029E,8,3.39,27.12
536685,22752,4,7.65,30.6
536685,22803,2,35.75,71.5
536685,21730,6,4.25,25.5
536685,85123A,12,2.55,30.599999999999998
536685,71053,12,3.39,40.68
536685,84406B,6,2.75,16.5
536685,37370,6,1.06,6.36
536685,21871,6,1.06,6.36
536685,21071,6,1.06,6.36
536685,21068,6,1.06,6.36
536685,82483,4,4.95,19.8
536685,82486,4,6.95,27.8
536685,82482,6,2.1,12.600000000000001
536685,82494L,6,2.55,15.299999999999999
536685,22411,6,1.65,9.899999999999999
536685,84029G,8,3.39,27.12
536688,22632,6,1.85,11.100000000000001
536688,22633,6,1.85,11.100000000000001
536690,85123A,6,2.55,15.299999999999999
536690,71053,6,3.39,20.34
536690,84406B,6,2.75,16.5
536690,37370,6,1.06,6.36
536690,21871,6,1.06,6.36
536690,21071,6,1.06,6.36
536690,21068,6,1.06,6.36
536690,82483,4,4.95,19.8
536690,82486,4,6.95,27.8
536690,82482,6,2.1,12.600000000000001
536690,82494L,6,2.55,15.299999999999999
536690,22411,6,1.65,9.899999999999999
536690,84029G,6,3.39,20.34
536690,84029E,6,3.39,20.34
536690,22752,4,7.65,30.6
536690,22803,2,35.75,71.5
536690,21730,6,4.25,25.5
536693,22632,6,1.85,11.100000000000001
536693,22633,6,1.85,11.100000000000001
536698,21731,12,1.65,19.799999999999997
536698,85135B,2,7.95,15.9
536698,21913,4,3.75,15.0
536698,22745,12,2.1,25.200000000000003
536698,85227,12,0.85,10.2
536698,21790,12,0.85,10.2
536698,21743,12,2.95,35.400000000000006
536698,20798,12,2.1,25.200000000000003
536698,22457,6,2.95,17.700000000000003
536698,22669,5,2.95,14.75
536698,22320,3,5.95,17.85
536698,21249,6,2.95,17.700000000000003
536698,22493,24,1.65,39.599999999999994
536698,22943,6,4.95,29.700000000000003
536698,21561,6,2.55,15.299999999999999
536698,22382,10,1.65,16.5
536707,37495,4,3.75,15.0
536707,21218,6,3.75,22.5
536707,21217,1,9.95,9.95
536707,22840,2,7.95,15.9
536707,85132A,1,9.95,9.95
536707,85132B,1,9.95,9.95
536707,85132C,1,9.95,9.95
536707,22938,12,1.95,23.4
536707,22955,6,2.1,12.600000000000001
536707,22626,2,8.5,17.0
536707,21843,1,10.95,10.95
536707,22215,2,8.5,17.0
536707,22423,2,12.75,25.5
536732,21238,8,0.85,6.8
536732,20674,8,1.25,10.0
536732,20675,8,1.25,10.0
536732,21239,8,0.85,6.8
536732,21244,8,1.69,13.52
536732,21245,8,1.69,13.52
536732,84997A,6,3.75,22.5
536732,84997D,6,3.75,22.5
536732,21679,12,0.85,10.2
536732,21479,4,3.75,15.0
536732,22423,2,12.75,25.5
536732,21213,24,0.55,13.200000000000001
536732,21207,12,1.65,19.799999999999997
536732,21987,12,0.65,7.800000000000001
536732,21988,12,0.85,10.2
536732,21989,12,0.85,10.2
536732,22316,12,1.25,15.0
536732,22332,8,1.65,13.2
536732,22437,20,0.85,17.0
536732,22910,6,2.95,17.700000000000003
536732,22086,6,2.95,17.700000000000003
536732,85049A,12,1.25,15.0
536732,21080,12,0.85,10.2
536732,21086,12,0.65,7.800000000000001
536732,21094,12,0.85,10.2
536732,21212,24,0.55,13.200000000000001
536733,21206,12,1.65,19.799999999999997
536733,20974,24,0.65,15.600000000000001
536733,22333,16,1.65,26.4
536733,21094,60,0.85,51.0
536733,21080,24,0.85,20.4
536733,21086,36,0.65,23.400000000000002
536733,20914,6,2.95,17.700000000000003
536733,20975,24,0.65,15.600000000000001
536733,20677,8,1.25,10.0
536733,47590B,9,5.45,49.050000000000004
536733,47599A,12,2.1,25.200000000000003
536733,22083,6,2.95,17.700000000000003
536733,47599B,6,2.1,12.600000000000001
536733,84375,12,2.1,25.200000000000003
C536734,22780,-4,4.25,-17.0
C536734,85048,-1,7.95,-7.95
536735,22659,128,1.65,211.2
536736,21703,192,0.42,80.64
536736,21790,144,0.72,103.67999999999999
536736,21791,216,1.06,228.96
536736,22616,600,0.29,174.0
536736,22555,144,1.65,237.6
C536737,22798,-2,2.95,-5.9
536738,22806,6,2.95,17.700000000000003
536738,22893,24,0.42,10.08
536738,21843,1,10.95,10.95
536738,21217,1,9.95,9.95
536738,20914,6,2.95,17.700000000000003
536738,22841,2,7.95,15.9
536738,22840,2,7.95,15.9
536739,22666,6,2.95,17.700000000000003
536739,22120,3,9.95,29.849999999999998
536739,85159A,2,6.35,12.7
536739,85064,2,5.45,10.9
536739,21843,1,10.95,10.95
536739,20750,2,7.95,15.9
536739,35004C,3,5.45,16.35
536739,21784,2,9.95,19.9
536739,22849,1,16.95,16.95
536739,22848,1,16.95,16.95
536739,21527,2,7.95,15.9
536739,21844,6,2.95,17.700000000000003
536740,22963,12,0.85,10.2
536740,22962,12,0.85,10.2
536740,22961,12,1.45,17.4
536740,22966,12,1.25,15.0
536740,22964,6,2.1,12.600000000000001
536740,22969,12,1.45,17.4
536740,21217,1,9.95,9.95
536741,17090D,6,1.25,7.5
536741,17090A,6,1.25,7.5
536741,22457,6,2.95,17.700000000000003
536741,84879,8,1.69,13.52
536741,72127,6,1.25,7.5
536741,72133,6,1.25,7.5
536741,84763,12,1.25,15.0
536741,85049E,12,1.25,15.0
536741,22077,12,1.65,19.799999999999997
536741,22075,12,1.65,19.799999999999997
536741,85049A,12,1.25,15.0
536741,22940,4,4.25,17.0
536741,22144,6,2.1,12.600000000000001
536741,22652,10,1.65,16.5
536741,84945,12,0.85,10.2
536742,47504H,1,1.95,1.95
536742,85127,2,4.95,9.9
536742,21472,1,3.75,3.75
536742,22196,1,0.85,0.85
536742,22086,1,2.95,2.95
536742,84692,1,0.42,0.42
536742,84380,1,1.25,1.25
536742,20978,1,1.25,1.25
536742,21833,6,1.69,10.14
536742,22553,1,1.65,1.65
536742,22451,1,3.35,3.35
536742,22450,1,3.35,3.35
536742,10124G,5,0.42,2.1
536742,84519B,2,2.95,5.9
536742,22941,1,8.5,8.5
536742,22349,1,3.75,3.75
536742,21931,1,1.95,1.95
536742,22505,1,4.95,4.95
536742,21922,1,7.95,7.95
536742,21584,1,1.65,1.65
536742,22312,1,2.95,2.95
536742,22822,1,5.95,5.95
536742,22514,3,2.1,6.300000000000001
536742,22988,2,1.25,2.5
536742,22862,2,4.25,8.5
536742,22973,1,1.65,1.65
536742,22974,1,1.65,1.65
536742,22972,3,1.65,4.949999999999999
536742,21213,1,0.55,0.55
536742,22659,2,1.95,3.9
536742,22768,1,9.95,9.95
536742,21427,2,2.1,4.2
536742,21504,12,0.42,5.04
536742,22292,1,1.45,1.45
536742,22558,2,1.49,2.98
536742,22379,1,2.1,2.1
536742,22470,1,2.95,2.95
536742,21211,1,1.45,1.45
536742,22469,2,1.65,3.3
536742,20978,3,1.25,3.75
536742,21974,1,1.45,1.45
536742,20914,1,2.95,2.95
536742,22316,1,1.25,1.25
536742,22557,1,1.65,1.65
536742,22652,1,1.65,1.65
536742,22311,1,2.95,2.95
536742,22465,12,1.65,19.799999999999997
536742,84755,8,0.65,5.2
536742,22666,2,2.95,5.9
536743,22045,25,0.42,10.5
536743,90175C,1,8.95,8.95
536743,90180A,1,9.95,9.95
536743,90178A,1,11.95,11.95
536743,22746,1,2.1,2.1
536743,22745,1,2.1,2.1
536743,22983,12,0.42,5.04
536743,21914,1,1.25,1.25
536743,22986,25,0.42,10.5
536743,21731,3,1.65,4.949999999999999
536743,20984,2,0.85,1.7
536743,22436,10,0.65,6.5
536743,21465,1,3.75,3.75
536743,21470,1,3.75,3.75
536743,22622,2,9.95,19.9
536743,16012,24,0.21,5.04
536743,85135B,1,7.95,7.95
536743,22551,1,1.65,1.65
536743,85025C,2,1.65,3.3
536743,21918,1,0.42,0.42
536743,21851,1,4.95,4.95
536743,21849,1,4.95,4.95
536743,22729,1,3.75,3.75
536743,21889,1,1.25,1.25
536743,85124B,1,2.55,2.55
536743,85124C,1,2.55,2.55
536743,20828,2,2.55,5.1
536743,22554,2,1.65,3.3
536743,22653,2,1.95,3.9
536743,21830,48,0.42,20.16
536743,21623,2,9.95,19.9
536743,22785,2,6.75,13.5
536743,22654,5,5.95,29.75
536743,84949,6,1.65,9.899999999999999
536743,22800,4,3.75,15.0
536744,22898,25,1.95,48.75
536744,47591D,50,1.65,82.5
536744,21156,25,1.95,48.75
536744,22367,10,1.95,19.5
536744,22955,6,2.1,12.600000000000001
536744,22956,6,2.1,12.600000000000001
536744,21625,6,6.95,41.7
536744,22423,6,12.75,76.5
536744,21843,2,10.95,21.9
536744,22839,1,14.95,14.95
536745,22738,30,1.65,49.5
536745,21430,8,3.75,30.0
536745,85184C,12,2.95,35.400000000000006
536745,20749,8,7.95,63.6
536745,20750,8,7.95,63.6
536745,22077,24,1.65,39.599999999999994
536745,22736,10,1.65,16.5
536745,22737,10,1.65,16.5
536745,21428,4,4.25,17.0
536745,85177,12,0.85,10.2
536746,22768,2,9.95,19.9
536746,22795,4,6.75,27.0
536746,22914,3,4.95,14.850000000000001
536746,22969,12,1.45,17.4
536746,21259,2,5.95,11.9
536746,21258,1,12.75,12.75
536746,84947,12,1.25,15.0
536746,84946,24,1.25,30.0
536746,22169,2,8.5,17.0
536746,22767,2,9.95,19.9
536746,21587,12,2.55,30.599999999999998
536746,22082,10,1.65,16.5
536746,22604,6,2.55,15.299999999999999
536747,16156S,25,0.42,10.5
536747,85049G,3,1.25,3.75
536747,85049C,3,1.25,3.75
536747,85049E,3,1.25,3.75
536747,85049F,3,1.25,3.75
536747,85049A,3,1.25,3.75
536747,85049H,3,1.25,3.75
536747,22866,6,2.1,12.600000000000001
536747,22865,8,2.1,16.8
536747,22834,6,2.1,12.600000000000001
536747,22633,6,2.1,12.600000000000001
536747,22632,6,2.1,12.600000000000001
536748,84945,12,0.85,10.2
536748,22191,6,8.5,51.0
536748,72760B,2,9.95,19.9
536748,22634,2,9.95,19.9
536748,22426,4,3.75,15.0
536749,84029G,1,3.75,3.75
536749,20975,1,0.65,0.65
536749,84029E,1,3.75,3.75
536749,22190,1,2.1,2.1
536749,90082D,4,6.35,25.4
536749,90082A,5,6.35,31.75
536749,90082B,5,6.35,31.75
536749,90081A,1,4.95,4.95
536749,90204,1,3.35,3.35
536749,90185B,1,4.25,4.25
536749,90185C,1,4.25,4.25
536749,90195A,1,8.95,8.95
536749,90195B,1,8.95,8.95
536749,90196A,1,12.75,12.75
536749,90199A,2,6.35,12.7
536749,90177C,1,2.95,2.95
536749,90186A,1,2.95,2.95
536749,22379,1,2.1,2.1
536749,20894,3,2.95,8.850000000000001
536749,85106,2,2.55,5.1
536749,35271S,5,0.19,0.95
536749,22480,4,1.25,5.0
536749,21415,2,2.1,4.2
536749,20679,2,5.95,11.9
536749,21034,3,0.95,2.8499999999999996
536749,22752,1,8.5,8.5
536749,22441,1,2.1,2.1
536749,21710,1,4.95,4.95
536749,22174,2,1.65,3.3
536749,21212,2,0.55,1.1
536749,22943,1,4.95,4.95
536749,21416,1,3.75,3.75
536749,22750,1,3.75,3.75
536749,21417,1,2.1,2.1
536749,22371,1,4.25,4.25
536749,22343,6,0.85,5.1
536749,22474,1,4.95,4.95
536749,20969,1,3.75,3.75
536749,22371,2,4.25,8.5
536749,22472,1,4.95,4.95
536749,15056N,1,5.95,5.95
536749,21154,1,1.25,1.25
536749,84347,1,2.55,2.55
536749,18097A,1,2.55,2.55
536749,18097C,1,2.55,2.55
536749,22866,1,2.1,2.1
536749,22867,1,2.1,2.1
536749,22633,2,2.1,4.2
536749,22667,1,2.95,2.95
536749,20914,1,2.95,2.95
536749,21429,2,1.65,3.3
536749,84879,1,1.69,1.69
536749,85123A,1,2.95,2.95
536749,22900,1,2.95,2.95
536749,22664,1,2.1,2.1
536749,20967,1,3.75,3.75
536749,22569,1,3.75,3.75
536750,85123A,12,2.55,30.599999999999998
536750,71053,12,3.39,40.68
536750,84406B,6,2.75,16.5
536750,15056BL,6,4.95,29.700000000000003
536750,20679,6,4.95,29.700000000000003
536750,37370,6,1.06,6.36
536750,21871,6,1.06,6.36
536750,21071,6,1.06,6.36
536750,21068,6,1.06,6.36
536750,82483,4,4.95,19.8
536750,82486,4,6.95,27.8
536750,82482,6,2.1,12.600000000000001
536750,82494L,6,2.55,15.299999999999999
536750,22411,6,1.65,9.899999999999999
536750,84029G,6,3.39,20.34
536750,84029E,6,3.39,20.34
536750,22752,4,7.65,30.6
536750,22803,2,35.75,71.5
536750,21730,8,4.25,34.0
536751,22632,6,1.85,11.100000000000001
536751,22633,6,1.85,11.100000000000001
536752,85123A,6,2.55,15.299999999999999
536752,71053,6,3.39,20.34
536752,84406B,6,2.75,16.5
536752,15056BL,6,4.95,29.700000000000003
536752,20679,6,4.95,29.700000000000003
536752,37370,6,1.06,6.36
536752,21871,6,1.06,6.36
536752,21071,6,1.06,6.36
536752,21068,6,1.06,6.36
536752,82483,4,4.95,19.8
536752,82486,4,6.95,27.8
536752,82482,6,2.1,12.600000000000001
536752,82494L,6,2.55,15.299999999999999
536752,22411,6,1.65,9.899999999999999
536752,84029G,6,3.39,20.34
536752,84029E,6,3.39,20.34
536752,22752,4,7.65,30.6
536752,22803,2,35.75,71.5
536752,21730,6,4.25,25.5
536753,22632,6,1.85,11.100000000000001
536753,22633,6,1.85,11.100000000000001
536754,22988,2,1.25,2.5
536754,22975,2,1.25,2.5
536754,22976,2,1.25,2.5
536754,22977,2,1.25,2.5
536754,21137,1,3.75,3.75
536754,22470,4,2.95,11.8
536754,84754,1,1.25,1.25
536754,22296,5,1.65,8.25
536754,21899,4,0.65,2.6
536754,22972,2,1.65,3.3
536754,22335,10,0.65,6.5
536754,21911,1,1.65,1.65
536754,21902,4,0.65,2.6
536754,21901,4,0.65,2.6
536754,21948,1,1.25,1.25
536754,21949,1,1.25,1.25
536754,22558,1,1.49,1.49
536754,20759,1,0.85,0.85
536754,20760,1,0.85,0.85
536754,20757,1,0.85,0.85
536754,20755,1,0.85,0.85
536754,22418,12,0.85,10.2
536754,20981,3,0.85,2.55
536754,22652,2,1.65,3.3
536754,22553,1,1.65,1.65
536754,22953,1,1.25,1.25
536754,21544,10,0.85,8.5
536754,22198,2,1.65,3.3
536754,22197,3,0.85,2.55
536754,20974,6,0.65,3.9000000000000004
536754,20967,2,3.75,7.5
536754,22570,1,3.75,3.75
536754,22274,3,2.95,8.850000000000001
536754,22743,1,2.95,2.95
536754,20971,3,1.25,3.75
536754,85185D,1,2.95,2.95
536754,85185B,1,2.95,2.95
536754,22150,2,1.95,3.9
536754,22147,4,1.45,5.8
536754,22088,2,2.95,5.9
536754,22384,3,1.65,4.949999999999999
536754,20727,3,1.65,4.949999999999999
536754,22867,3,2.1,6.300000000000001
536754,22834,5,2.1,10.5
536754,22633,4,2.1,8.4
536754,22383,5,1.65,8.25
536754,20726,3,1.65,4.949999999999999
536754,22328,1,2.95,2.95
536754,22326,2,2.95,5.9
536754,22327,2,2.95,5.9
536755,21992,1,2.95,2.95
536755,21993,1,2.95,2.95
536755,84870B,1,3.75,3.75
536755,84870C,1,3.75,3.75
536755,22867,1,2.1,2.1
536755,22865,1,2.1,2.1
536755,90200D,1,4.25,4.25
536755,90200A,1,4.25,4.25
536755,22551,1,1.65,1.65
536755,22629,1,1.95,1.95
536755,22972,1,1.65,1.65
536755,22975,1,1.25,1.25
536755,22109,1,3.75,3.75
536755,22838,1,14.95,14.95
536755,22895,1,2.95,2.95
536756,22863,1,2.95,2.95
536756,22968,1,9.95,9.95
536756,22945,1,0.85,0.85
536756,21902,2,0.65,1.3
536756,10002,1,0.85,0.85
536756,22943,1,4.95,4.95
536756,85014A,1,5.95,5.95
536756,22197,3,0.85,2.55
536756,84946,1,1.25,1.25
536756,22897,1,1.45,1.45
536756,22325,1,4.95,4.95
536756,22895,1,2.95,2.95
536756,21349,1,6.75,6.75
536756,48173C,1,7.95,7.95
536756,22086,1,2.95,2.95
536756,21488,1,3.95,3.95
536756,22909,1,0.85,0.85
536756,22910,1,2.95,2.95
536756,22439,2,0.65,1.3
C536757,84347,-9360,0.03,-280.8
C536758,21314,-1,2.1,-2.1
536759,48111,4,7.95,31.8
536759,82484,3,6.45,19.35
536759,22296,12,1.65,19.799999999999997
536759,22183,3,6.75,20.25
536759,79164,12,1.65,19.799999999999997
536759,84683,24,1.25,30.0
536759,82486,2,7.95,15.9
536759,21781,1,14.95,14.95
536759,21745,4,3.75,15.0
536759,21257,2,7.95,15.9
536759,82494L,6,2.95,17.700000000000003
536759,79163,12,1.65,19.799999999999997
536759,21844,6,2.95,17.700000000000003
536759,20828,6,2.55,15.299999999999999
536759,22924,12,0.85,10.2
536759,22928,2,5.95,11.9
536759,48185,2,7.95,15.9
C536760,22175,-1,2.95,-2.95
C536760,22273,-3,2.95,-8.850000000000001
536761,21116,3,4.95,14.850000000000001
536761,21155,6,2.1,12.600000000000001
536761,15060B,4,3.75,15.0
536761,47591D,8,1.95,15.6
536761,21217,1,9.95,9.95
536761,21232,12,1.25,15.0
536761,21527,2,7.95,15.9
536762,20972,12,1.25,15.0
536762,85014A,3,5.95,17.85
536762,21232,12,1.25,15.0
536762,20971,12,1.25,15.0
536762,22961,12,1.45,17.4
536762,20974,24,0.65,15.600000000000001
536762,85014B,3,5.95,17.85
536762,22174,12,1.65,19.799999999999997
536762,21481,12,2.95,35.400000000000006
536762,22727,4,3.75,15.0
536762,22726,4,3.75,15.0
536762,22969,12,1.45,17.4
536762,21700,12,0.85,10.2
536762,22064,12,1.65,19.799999999999997
536762,85199L,12,0.65,7.800000000000001
536762,22865,12,2.1,25.200000000000003
536762,22985,25,0.42,10.5
536762,22983,12,0.42,5.04
536762,22821,12,0.65,7.800000000000001
536762,22815,12,0.42,5.04
536763,85114A,120,1.45,174.0
536763,85123A,12,2.95,35.400000000000006
536763,21733,6,2.95,17.700000000000003
536763,20973,48,0.65,31.200000000000003
536763,79321,24,4.25,102.0
536763,22576,12,0.85,10.2
536763,22813,12,1.95,23.4
536763,22585,12,1.25,15.0
536763,21801,36,0.42,15.12
536763,21326,12,0.65,7.800000000000001
536763,21313,12,0.85,10.2
536763,22705,25,0.42,10.5
536769,22776,4,9.95,39.8
536769,20724,10,0.85,8.5
536769,20725,10,1.65,16.5
536769,21080,24,0.85,20.4
536769,21210,24,1.45,34.8
536769,21212,24,0.55,13.200000000000001
536769,22083,12,2.95,35.400000000000006
536769,22333,8,1.65,13.2
536769,22084,6,2.95,17.700000000000003
536769,22086,18,2.95,53.1
536769,22575,8,1.95,15.6
536769,22909,24,0.85,20.4
536769,22910,18,2.95,53.1
536769,22952,24,0.55,13.200000000000001
536769,84347,18,2.55,45.9
536769,22356,10,0.85,8.5
536769,22384,10,1.65,16.5
536769,20727,10,1.65,16.5
536769,22380,5,2.1,10.5
536769,22382,10,1.65,16.5
536769,72801C,12,1.25,15.0
536769,72801D,12,1.25,15.0
536769,79321,4,4.95,19.8
536769,22661,10,0.85,8.5
536769,22198,12,1.65,19.799999999999997
536769,22862,4,4.25,17.0
536769,22726,8,3.75,30.0
536769,22729,4,3.75,15.0
536769,21735,2,12.75,25.5
536769,22355,10,0.85,8.5
536769,22733,20,1.25,25.0
536771,22558,12,1.49,17.88
536771,22964,6,2.1,12.600000000000001
536771,22966,12,1.25,15.0
536771,22969,12,1.45,17.4
536771,22965,6,2.1,12.600000000000001
536771,22961,12,1.45,17.4
536771,22960,6,4.25,25.5
536777,20975,24,0.65,15.600000000000001
536777,21500,25,0.42,10.5
536777,85099B,20,1.95,39.0
536777,85099F,20,1.95,39.0
536777,22940,8,4.25,34.0
536778,21422,16,0.85,13.6
536778,22147,12,1.45,17.4
536778,20971,12,1.25,15.0
536778,22149,6,2.1,12.600000000000001
536778,20969,4,3.75,15.0
536778,20970,4,3.75,15.0
536778,20967,4,3.75,15.0
536778,22585,12,1.25,15.0
536778,21257,2,7.95,15.9
536778,21259,2,5.95,11.9
536778,15036,12,0.75,9.0
536778,21408,3,4.25,12.75
536778,22915,24,0.42,10.08
536778,84836,12,1.25,15.0
536780,22114,1,3.95,3.95
536780,84032B,1,2.95,2.95
536780,21481,1,2.95,2.95
536780,84032A,1,2.95,2.95
536781,22865,24,2.1,50.400000000000006
536782,22111,3,4.95,14.850000000000001
536782,22077,12,1.65,19.799999999999997
536782,21258,1,12.75,12.75
536782,22379,5,2.1,10.5
536782,20718,10,1.25,12.5
536782,21527,2,7.95,15.9
536782,21539,3,4.95,14.850000000000001
536782,21533,6,4.95,29.700000000000003
536782,22198,12,1.65,19.799999999999997
536782,22197,12,0.85,10.2
536782,22627,4,8.5,34.0
536782,22626,4,8.5,34.0
536782,22625,4,8.5,34.0
536782,22624,4,8.5,34.0
536782,22774,12,1.25,15.0
536782,22775,12,1.25,15.0
536782,22772,12,1.25,15.0
536782,22771,12,1.25,15.0
536782,21673,12,1.25,15.0
536782,21672,12,1.25,15.0
536782,21671,12,1.25,15.0
536782,21670,12,1.25,15.0
536782,21669,12,1.25,15.0
536782,21668,12,1.25,15.0
536782,22696,6,1.95,11.7
536782,22469,24,1.65,39.599999999999994
536782,22341,12,1.65,19.799999999999997
536783,22530,60,0.36,21.599999999999998
536783,22492,144,0.55,79.2
536783,22467,108,2.1,226.8
536783,22454,48,2.55,122.39999999999999
536783,22453,24,2.95,70.80000000000001
536783,22452,48,2.55,122.39999999999999
536783,22328,72,2.55,183.6
536783,22075,24,1.45,34.8
536783,21673,72,1.25,90.0
536783,21509,24,0.36,8.64
536783,21508,24,0.36,8.64
536783,21507,48,0.36,17.28
536783,21506,108,0.36,38.879999999999995
536783,21500,75,0.34,25.500000000000004
536783,21499,200,0.34,68.0
536783,21498,200,0.34,68.0
536783,21212,120,0.42,50.4
536783,20719,100,0.72,72.0
536783,20685,30,6.75,202.5
536783,16237,270,0.16,43.2
536783,85178,18,1.25,22.5
536783,85116,24,1.25,30.0
536783,84952C,36,1.25,45.0
536783,84952B,48,1.25,60.0
536783,84692,50,0.32,16.0
536783,84347,120,1.88,225.6
536783,71459,144,0.72,103.67999999999999
536783,48194,70,6.75,472.5
536783,48184,30,6.75,202.5
536783,35001G,42,3.39,142.38
536783,22752,96,7.65,734.4000000000001
536783,22659,64,1.65,105.6
536783,22630,64,1.65,105.6
536783,22629,64,1.65,105.6
536783,22585,72,1.25,90.0
536783,22536,48,0.36,17.28
536783,22534,96,0.36,34.56
536783,22533,24,0.36,8.64
536784,85116,24,1.25,30.0
536784,84952B,12,1.25,15.0
536784,84347,240,1.88,451.2
536784,71459,96,0.72,69.12
536784,48187,30,6.75,202.5
536784,22752,72,7.65,550.8000000000001
536784,22659,64,1.65,105.6
536784,22630,36,1.65,59.4
536784,22629,36,1.65,59.4
536784,22585,72,1.25,90.0
536784,22536,48,0.36,17.28
536784,22534,48,0.36,17.28
536784,22533,24,0.36,8.64
536784,22530,48,0.36,17.28
536784,22454,12,2.55,30.599999999999998
536784,22453,24,2.55,61.199999999999996
536784,22452,12,2.55,30.599999999999998
536784,22075,48,1.45,69.6
536784,21673,24,1.25,30.0
536784,21499,50,0.34,17.0
536784,21498,50,0.34,17.0
536784,21212,120,0.42,50.4
536784,20719,30,0.72,21.599999999999998
536784,20685,20,6.75,135.0
536784,16237,90,0.16,14.4
536785,84946,216,1.06,228.96
536785,84879,320,1.45,464.0
536785,22659,128,1.65,211.2
536785,22423,144,10.95,1576.8
536785,20963,100,1.25,125.0
536785,20961,100,1.25,125.0
536786,85178,96,1.25,120.0
536786,22617,48,4.25,204.0
536787,85123A,6,2.55,15.299999999999999
536787,71053,6,3.39,20.34
536787,84406B,8,2.75,22.0
536787,37370,6,1.06,6.36
536787,21871,6,1.06,6.36
536787,21071,6,1.06,6.36
536787,21068,6,1.06,6.36
536787,82482,6,2.1,12.600000000000001
536787,82494L,6,2.55,15.299999999999999
536787,84029G,6,3.39,20.34
536787,84029E,6,3.39,20.34
536787,22752,2,7.65,15.3
536787,21730,6,4.25,25.5
536788,22558,60,1.25,75.0
536789,22633,6,1.85,11.100000000000001
536789,22632,6,1.85,11.100000000000001
536790,85123A,12,2.95,35.400000000000006
536790,71053,12,3.39,40.68
536790,84406B,12,2.75,33.0
536790,15056BL,6,4.95,29.700000000000003
536790,20679,6,4.95,29.700000000000003
536790,37370,12,1.06,12.72
536790,21071,12,1.06,12.72
536790,21068,12,1.06,12.72
536790,82483,4,4.95,19.8
536790,82486,4,6.95,27.8
536790,82482,6,2.1,12.600000000000001
536790,82494L,6,2.55,15.299999999999999
536790,84029G,12,3.39,40.68
536790,84029E,6,3.39,20.34
536790,22752,4,7.65,30.6
536790,22803,3,35.75,107.25
536790,21730,12,4.25,51.0
536791,22632,12,1.85,22.200000000000003
536791,22633,12,1.85,22.200000000000003
536792,22558,24,1.25,30.0
536793,22727,4,3.75,15.0
536793,22725,4,3.75,15.0
536793,22726,4,3.75,15.0
536793,22960,6,4.25,25.5
536793,22568,4,3.75,15.0
536793,22570,4,3.75,15.0
536793,20971,12,1.25,15.0
536793,22750,4,3.75,15.0
536793,21912,4,3.75,15.0
536793,21914,12,1.25,15.0
536793,22264,12,0.85,10.2
536794,21314,24,2.1,50.400000000000006
536794,22726,12,3.75,45.0
536794,22727,48,3.75,180.0
536794,22114,12,3.95,47.400000000000006
536795,22086,40,2.55,102.0
536795,85123A,32,2.55,81.6
536795,22866,24,2.1,50.400000000000006
536795,22865,24,2.1,50.400000000000006
536795,21982,24,0.29,6.959999999999999
536795,21967,24,0.29,6.959999999999999
536795,22084,12,2.95,35.400000000000006
536796,22376,1,4.25,4.25
536796,22174,1,1.65,1.65
536796,22745,1,2.1,2.1
536796,20665,1,2.95,2.95
536796,21719,1,0.85,0.85
536796,22906,1,1.65,1.65
536796,22181,2,0.85,1.7
536796,21981,1,0.29,0.29
536796,22616,1,0.29,0.29
536796,21967,1,0.29,0.29
536796,21392,1,2.1,2.1
536796,21393,1,2.1,2.1
536796,22328,1,2.95,2.95
536796,22952,1,0.55,0.55
536796,21268,2,0.42,0.84
536796,22902,1,2.1,2.1
536796,22659,1,1.95,1.95
536796,84952C,1,3.75,3.75
536796,84952B,1,3.75,3.75
536796,85144,1,7.25,7.25
536796,20668,10,0.12,1.2
536796,22087,2,2.95,5.9
536796,21327,1,1.65,1.65
536796,21328,1,1.65,1.65
536796,21025,1,1.25,1.25
536796,21031,1,1.25,1.25
536796,21030,1,1.25,1.25
536796,21026,1,1.25,1.25
536796,22376,2,4.25,8.5
536796,21032,2,1.25,2.5
536796,22554,1,1.65,1.65
536796,22553,1,1.65,1.65
536796,21578,1,2.25,2.25
536796,21559,1,2.55,2.55
536796,22791,6,1.25,7.5
536796,21392,2,2.1,4.2
536796,21393,2,2.1,4.2
536796,22585,1,1.25,1.25
536796,22350,1,2.55,2.55
536796,21354,1,1.25,1.25
536796,21357,1,1.25,1.25
536796,22909,2,0.85,1.7
536796,22977,1,1.25,1.25
536796,22974,1,1.65,1.65
536796,20724,1,0.85,0.85
536796,20719,1,0.85,0.85
536796,21587,5,2.55,12.75
536796,21625,1,6.95,6.95
536796,22634,1,9.95,9.95
536796,20766,1,3.75,3.75
536796,22972,1,1.65,1.65
536796,22988,1,1.25,1.25
536796,22976,1,1.25,1.25
536796,22973,1,1.65,1.65
536796,84879,1,1.69,1.69
536796,21398,2,2.1,4.2
536796,21399,2,2.1,4.2
536796,21982,1,0.29,0.29
536796,22623,1,4.95,4.95
536796,22909,1,0.85,0.85
536796,22562,1,1.25,1.25
536796,72598,1,0.85,0.85
536796,21591,1,1.25,1.25
536796,21714,1,1.25,1.25
536796,84832,2,0.85,1.7
536796,21984,1,0.29,0.29
536796,21591,3,1.25,3.75
536796,21135,8,1.69,13.52
536796,84879,5,1.69,8.45
536796,21121,1,1.25,1.25
536796,21990,1,2.95,2.95
536796,21327,2,1.65,3.3
536796,22744,2,2.95,5.9
536796,20751,1,2.1,2.1
536796,21993,1,2.95,2.95
536796,22077,1,1.65,1.65
536796,16258A,1,0.42,0.42
536796,22435,1,1.25,1.25
536796,84347,1,2.55,2.55
536796,22082,1,1.65,1.65
536796,22616,3,0.29,0.8699999999999999
536796,22561,1,1.65,1.65
536796,21935,1,1.65,1.65
536796,20752,1,2.1,2.1
536796,21484,1,3.45,3.45
536796,21587,1,2.55,2.55
536796,22636,3,8.5,25.5
536796,22555,1,1.65,1.65
536796,22557,1,1.65,1.65
536796,21892,1,1.25,1.25
536796,22619,1,3.75,3.75
536796,20728,1,1.65,1.65
536796,22617,1,4.95,4.95
536796,22748,1,2.1,2.1
536796,21426,1,2.1,2.1
536796,22635,2,9.95,19.9
536796,21577,2,2.25,4.5
536796,84985A,1,1.45,1.45
536796,21430,2,3.75,7.5
536796,22607,3,9.95,29.849999999999998
536796,22899,1,2.1,2.1
536796,20977,2,1.25,2.5
536796,20979,1,1.25,1.25
536796,22661,1,0.85,0.85
536796,21581,1,2.25,2.25
536797,90002D,4,3.75,15.0
536797,22632,12,2.1,25.200000000000003
536797,22866,12,2.1,25.200000000000003
536797,22865,12,2.1,25.200000000000003
536797,22633,12,2.1,25.200000000000003
536797,20970,4,3.75,15.0
536798,22427,1,5.95,5.95
536798,37370,6,1.25,7.5
536798,21877,6,1.25,7.5
536798,79066K,6,0.85,5.1
536798,22424,4,12.75,51.0
536798,22426,4,3.75,15.0
536798,22429,4,4.25,17.0
536798,22428,5,6.95,34.75
536798,82552,24,1.45,34.8
536798,82551,24,1.45,34.8
536798,82578,12,0.55,6.6000000000000005
536798,82581,12,0.55,6.6000000000000005
536798,82599,12,2.1,25.200000000000003
536798,21874,6,1.25,7.5
536798,21911,12,1.65,19.799999999999997
536798,21181,12,2.1,25.200000000000003
536798,21908,12,2.1,25.200000000000003
536798,22413,12,2.95,35.400000000000006
536798,21169,24,1.69,40.56
536798,82583,12,2.1,25.200000000000003
536798,82567,12,2.1,25.200000000000003
536798,21166,12,1.95,23.4
536798,21901,48,0.65,31.200000000000003
536798,21899,48,0.65,31.200000000000003
536798,21174,12,1.95,23.4
536798,21175,12,2.1,25.200000000000003
536798,21900,48,0.65,31.200000000000003
536798,21902,48,0.65,31.200000000000003
536798,48138,4,7.95,31.8
536799,21931,3,1.95,5.85
536799,21930,4,1.95,7.8
536799,85099B,3,1.95,5.85
536799,22386,3,1.95,5.85
536799,20974,6,0.65,3.9000000000000004
536799,20973,18,0.65,11.700000000000001
536799,20975,18,0.65,11.700000000000001
536799,70007,6,1.65,9.899999999999999
536799,70006,5,1.65,8.25
536799,21098,6,1.25,7.5
536799,22745,2,2.1,4.2
536799,22746,2,2.1,4.2
536799,22748,2,2.1,4.2
536799,22867,8,2.1,16.8
536799,22632,8,2.1,16.8
536799,22834,12,2.1,25.200000000000003
536799,22865,8,2.1,16.8
536799,22866,8,2.1,16.8
536800,22960,6,4.25,25.5
536800,22969,12,1.45,17.4
536800,22099,12,1.25,15.0
536800,22718,12,0.42,5.04
536800,22717,12,0.42,5.04
536800,22024,12,0.42,5.04
536800,22028,12,0.42,5.04
536800,22716,12,0.42,5.04
536800,47591D,8,1.95,15.6
536800,47567B,3,5.95,17.85
536800,22961,24,1.45,34.8
536800,22814,12,0.42,5.04
536800,22983,12,0.42,5.04
536800,22031,12,0.42,5.04
536800,22379,5,2.1,10.5
536800,84378,12,1.25,15.0
536800,22727,4,3.75,15.0
536800,22726,4,3.75,15.0
536800,22730,4,3.75,15.0
536801,21484,4,3.45,13.8
536801,21067,24,1.25,30.0
536801,21791,12,1.25,15.0
536801,21098,12,1.25,15.0
536801,22952,24,0.55,13.200000000000001
536801,22086,6,2.95,17.700000000000003
536801,82599,12,2.1,25.200000000000003
536801,22113,4,3.75,15.0
536801,22750,4,3.75,15.0
536801,22749,4,3.75,15.0
536801,22568,4,3.75,15.0
536801,22111,6,4.95,29.700000000000003
536801,21559,6,2.55,15.299999999999999
536801,22549,12,1.45,17.4
536802,22735,10,1.65,16.5
536802,22941,4,8.5,34.0
536802,21731,12,1.65,19.799999999999997
536802,22837,4,4.65,18.6
536802,22179,8,6.75,54.0
536802,21463,2,5.95,11.9
536802,21464,2,4.25,8.5
536802,22779,8,4.25,34.0
536803,22113,6,3.75,22.5
536804,21745,24,3.39,81.36
536804,22423,16,10.95,175.2
536804,22777,12,7.65,91.80000000000001
536804,22778,24,3.39,81.36
536804,21484,36,2.95,106.2
536804,84029E,48,3.39,162.72
536804,84029G,48,3.39,162.72
536804,37370,72,1.06,76.32000000000001
536804,21524,10,6.75,67.5
536804,48138,10,6.75,67.5
536804,22926,4,5.95,23.8
536804,22365,10,6.75,67.5
536804,22326,6,2.95,17.700000000000003
536804,22328,6,2.95,17.700000000000003
536804,20679,12,5.95,71.4
536804,15056BL,12,5.95,71.4
536804,21658,8,3.95,31.6
536804,22065,10,1.45,14.5
536804,22988,72,1.25,90.0
536804,22697,6,2.95,17.700000000000003
536804,22798,2,2.95,5.9
536804,84879,48,1.69,81.12
536804,22801,6,3.75,22.5
536804,22800,12,3.75,45.0
536804,79067,17,3.75,63.75
536805,21788,24,0.85,20.4
536805,22321,12,0.85,10.2
536805,22492,72,0.65,46.800000000000004
536805,20971,12,1.25,15.0
536805,20972,12,1.25,15.0
536805,20974,24,0.65,15.600000000000001
536805,20973,24,0.65,15.600000000000001
536805,22561,12,1.65,19.799999999999997
536805,22491,24,0.85,20.4
536805,22489,24,0.42,10.08
536805,15036,12,0.75,9.0
536805,21069,12,1.25,15.0
536805,37370,12,1.25,15.0
536805,22567,12,1.25,15.0
536805,22558,12,1.49,17.88
536805,22408,12,1.25,15.0
536805,22406,12,1.25,15.0
536805,22405,12,1.25,15.0
536805,21908,24,2.1,50.400000000000006
536805,85152,24,2.1,50.400000000000006
536806,21803,36,0.42,15.12
536806,22579,12,0.85,10.2
536806,82580,12,0.55,6.6000000000000005
536806,82581,12,0.55,6.6000000000000005
536806,82578,12,0.55,6.6000000000000005
C536807,22501,-2,9.95,-19.9
C536807,22778,-1,3.95,-3.95
536808,22423,1,12.75,12.75
536808,22846,1,16.95,16.95
536808,21733,6,2.95,17.700000000000003
536808,21669,12,1.25,15.0
536808,22634,2,9.95,19.9
536808,21259,2,5.95,11.9
536808,21257,2,7.95,15.9
536808,22568,8,3.75,30.0
536808,22569,8,3.75,30.0
536808,22570,12,3.75,45.0
536808,84029E,4,3.75,15.0
536808,21481,6,2.95,17.700000000000003
536809,84950,1824,0.55,1003.2
536810,21833,204,1.49,303.96
536811,22275,69,7.65,527.85
C536812,22578,-36,0.85,-30.599999999999998
C536812,22574,-192,0.72,-138.24
C536812,22593,-144,0.72,-103.67999999999999
C536812,22595,-144,0.72,-103.67999999999999
C536812,22588,-192,2.1,-403.20000000000005
C536812,22130,-144,0.72,-103.67999999999999
536813,37450,6,2.95,17.700000000000003
536813,20668,24,0.12,2.88
536813,22818,12,0.42,5.04
536813,22816,12,0.42,5.04
536813,22043,12,0.42,5.04
536813,22044,12,0.42,5.04
536813,22042,12,0.42,5.04
536813,85032D,6,2.1,12.600000000000001
536813,85049A,12,1.25,15.0
536813,22910,6,2.95,17.700000000000003
536813,22086,6,2.95,17.700000000000003
536813,72816,12,1.25,15.0
536813,35957,48,0.42,20.16
536813,17003,36,0.21,7.56
536813,22089,6,2.95,17.700000000000003
536813,22413,6,2.95,17.700000000000003
536813,46000S,2,1.45,2.9
C536814,21527,-2,7.95,-15.9
C536814,72799E,-6,2.95,-17.700000000000003
C536814,85066,-2,12.75,-25.5
C536814,21586,-12,2.55,-30.599999999999998
C536814,21258,-1,12.75,-12.75
C536815,85175,-1,0.42,-0.42
C536815,22178,-1,1.25,-1.25
C536816,21129,-2,6.95,-13.9
C536817,22187,-1,4.25,-4.25
C536817,71477,-1,3.25,-3.25
C536818,84947,-1,1.25,-1.25
536819,22427,3,5.95,17.85
536819,72741,9,1.45,13.049999999999999
536819,22898,8,1.95,15.6
536819,22667,6,2.95,17.700000000000003
536819,22328,12,2.95,35.400000000000006
536819,21506,12,0.42,5.04
536819,21519,12,0.42,5.04
536819,21213,24,0.55,13.200000000000001
536819,21063,12,0.85,10.2
536819,21059,12,0.85,10.2
536819,84375,24,2.1,50.400000000000006
536819,22625,2,8.5,17.0
536819,22624,2,8.5,17.0
536819,22988,12,1.25,15.0
536819,21975,24,0.55,13.200000000000001
536819,20914,12,2.95,35.400000000000006
536819,22429,4,4.25,17.0
C536820,22877,-1,1.95,-1.95
C536820,22869,-1,1.95,-1.95
C536820,22878,-1,2.1,-2.1
C536820,21843,-1,10.95,-10.95
536821,22630,1,1.95,1.95
536821,22867,1,2.1,2.1
536821,21494,3,1.25,3.75
536821,21094,6,0.85,5.1
536821,22651,7,0.85,5.95
536821,21080,3,0.85,2.55
536821,22652,1,1.65,1.65
536821,21217,1,9.95,9.95
536821,22502,3,5.95,17.85
536821,22430,1,4.95,4.95
536821,21429,1,1.65,1.65
536821,22666,4,2.95,11.8
536821,22667,4,2.95,11.8
536821,21034,2,0.95,1.9
536821,22425,2,4.95,9.9
536821,21086,6,0.65,3.9000000000000004
536821,21240,8,0.85,6.8
536821,21239,8,0.85,6.8
536821,21238,5,0.85,4.25
536821,22617,1,4.95,4.95
536821,22083,6,2.95,17.700000000000003
536821,22197,5,0.85,4.25
536821,22631,1,1.95,1.95
C536822,22847,-2,16.95,-33.9
C536822,21430,-1,3.75,-3.75
536823,22508,4,3.75,15.0
536823,82494L,6,2.95,17.700000000000003
536823,85014A,3,5.95,17.85
536824,85123A,160,2.55,408.0
C536825,22617,-1,4.95,-4.95
C536825,22197,-2,0.85,-1.7
C536826,35004B,-2,4.65,-9.3
C536826,35004B,-3,4.65,-13.950000000000001
C536827,21527,-3,6.95,-20.85
C536828,22832,-1,10.75,-10.75
C536828,84946,-3,1.25,-3.75
C536829,71477,-1,3.25,-3.25
536830,84077,2880,0.18,518.4
536830,21915,1400,1.06,1484.0
536831,84880,12,4.95,59.400000000000006
536831,22207,48,3.75,180.0
536831,21929,100,1.65,165.0
536831,21928,100,1.65,165.0
536832,21927,24,1.25,30.0
536832,21925,12,1.25,15.0
536832,71477,4,3.25,13.0
536832,21733,6,2.95,17.700000000000003
536832,22763,2,9.95,19.9
536832,22863,6,2.95,17.700000000000003
536832,84406B,8,3.25,26.0
536832,85066,2,12.75,25.5
536833,85123A,6,2.95,17.700000000000003
536833,84970S,12,0.85,10.2
536833,20749,2,7.95,15.9
536833,15060B,4,3.75,15.0
536833,85014B,3,5.95,17.85
536833,22464,12,1.65,19.799999999999997
536833,22465,12,1.65,19.799999999999997
536833,22785,4,6.75,27.0
536833,71053,4,3.75,15.0
536833,22969,12,1.45,17.4
536833,22810,6,2.95,17.700000000000003
536833,22186,6,2.95,17.700000000000003
536833,22187,4,4.25,17.0
536833,22141,6,2.1,12.600000000000001
536833,22144,6,2.1,12.600000000000001
536833,22121,3,5.95,17.85
536833,21364,2,6.75,13.5
536833,22573,12,0.85,10.2
536833,22576,12,0.85,10.2
536833,22578,12,0.85,10.2
536833,22593,12,0.85,10.2
536833,22595,12,0.85,10.2
536833,35961,12,0.85,10.2
536833,22334,8,1.65,13.2
536833,22910,6,2.95,17.700000000000003
536833,22065,12,1.45,17.4
536833,21349,2,6.75,13.5
536833,21352,2,6.75,13.5
536833,21621,2,8.5,17.0
536834,21111,12,2.95,35.400000000000006
536835,22655,1,295.0,295.0
536836,21231,20,1.25,25.0
536836,21232,20,1.25,25.0
536836,22060,2,9.95,19.9
536836,37449,2,9.95,19.9
536836,22061,2,9.95,19.9
536836,21843,2,10.95,21.9
536836,21531,2,2.55,5.1
536836,21539,3,4.95,14.850000000000001
536836,22198,2,1.65,3.3
536836,22197,2,0.85,1.7
536836,22633,4,2.1,8.4
536836,22180,1,9.95,9.95
536836,21218,2,3.75,7.5
536836,21155,1,2.1,2.1
536836,21039,1,2.55,2.55
536836,21157,1,2.1,2.1
536836,21041,1,2.95,2.95
536836,21154,1,1.25,1.25
536836,21154,2,1.25,2.5
536836,21035,1,2.95,2.95
536836,47570B,1,10.65,10.65
536836,47567B,2,5.95,11.9
536836,47559B,6,1.25,7.5
536836,22193,1,8.5,8.5
536836,22649,1,4.95,4.95
536836,16156S,25,0.42,10.5
536836,16161P,25,0.42,10.5
536837,82486,2,7.95,15.9
536837,82483,4,5.95,23.8
536837,82482,6,2.55,15.299999999999999
536837,21754,3,5.95,17.85
536837,21755,3,5.95,17.85
536837,82494L,4,2.95,11.8
536837,22171,2,8.5,17.0
536837,16161M,25,0.42,10.5
536837,22112,7,4.95,34.65
536837,21980,12,0.29,3.4799999999999995
536837,21486,3,3.75,11.25
536837,20972,6,1.25,7.5
536837,22114,4,3.95,15.8
536837,22144,2,2.1,4.2
536837,22865,1,2.1,2.1
536837,22633,4,2.1,8.4
536837,22470,3,2.95,8.850000000000001
536837,22632,4,2.1,8.4
536837,85049A,6,1.25,7.5
536837,20984,5,0.85,4.25
536837,85214,1,1.65,1.65
536837,22804,2,2.95,5.9
536837,20981,5,0.85,4.25
536837,22173,8,2.95,23.6
536837,85123A,2,2.95,5.9
536837,21499,25,0.42,10.5
536837,21500,25,0.42,10.5
536838,15036,24,0.75,18.0
536838,72232,48,0.19,9.120000000000001
536838,40016,24,0.42,10.08
536839,84077,288,0.21,60.48
536839,20685,5,7.95,39.75
536839,21524,10,6.75,67.5
536839,21916,24,0.42,10.08
536839,21508,12,0.42,5.04
536839,22027,12,0.42,5.04
536839,22030,36,0.42,15.12
536839,22029,36,0.42,15.12
536839,21519,36,0.42,15.12
536839,21506,24,0.42,10.08
536839,22023,24,0.42,10.08
536839,21507,36,0.42,15.12
536839,84247G,48,0.42,20.16
536839,21509,48,0.42,20.16
536839,84879,96,1.69,162.24
536839,22585,144,1.06,152.64000000000001
536840,22961,12,1.45,17.4
536840,22962,12,0.85,10.2
536840,22963,12,0.85,10.2
536840,22776,1,9.95,9.95
536840,22952,24,0.55,13.200000000000001
536840,22077,12,1.65,19.799999999999997
536840,22215,2,8.5,17.0
536840,21977,24,0.55,13.200000000000001
536840,84991,24,0.55,13.200000000000001
536840,21212,24,0.55,13.200000000000001
536841,22766,8,2.95,23.6
536841,22768,4,9.95,39.8
536841,21260,6,3.25,19.5
536841,22169,2,8.5,17.0
536841,84879,8,1.69,13.52
536841,22171,2,8.5,17.0
536841,22170,4,6.75,27.0
536841,22470,6,2.95,17.700000000000003
536841,22469,12,1.65,19.799999999999997
536841,22969,12,1.45,17.4
536841,22771,12,1.25,15.0
536841,22772,12,1.25,15.0
536841,22775,12,1.25,15.0
536841,21428,4,4.25,17.0
536841,21429,8,1.65,13.2
536841,21430,4,3.75,15.0
536841,22077,12,1.65,19.799999999999997
536841,22356,10,0.85,8.5
536841,20724,10,0.85,8.5
536841,22759,12,1.65,19.799999999999997
536841,21143,12,1.95,23.4
536841,85064,2,5.45,10.9
536842,20726,10,1.65,16.5
536842,20977,16,1.25,20.0
536842,22623,6,4.95,29.700000000000003
536842,22617,6,4.95,29.700000000000003
536842,22502,4,5.95,23.8
536842,47590B,6,5.45,32.7
536842,47590A,6,5.45,32.7
536842,21981,48,0.29,13.919999999999998
536842,22584,6,2.55,15.299999999999999
536842,21033,10,2.95,29.5
536842,22551,12,1.65,19.799999999999997
536843,22966,12,1.25,15.0
536843,22890,2,9.95,19.9
536844,22502,32,4.95,158.4
536844,21430,4,3.75,15.0
536844,22841,2,7.95,15.9
536845,84997B,1,3.75,3.75
536845,22384,1,1.65,1.65
536845,21530,1,2.95,2.95
536845,21528,1,6.95,6.95
536845,22635,1,9.95,9.95
536845,21326,6,0.65,3.9000000000000004
536845,84832,4,0.85,3.4
536845,21891,1,1.25,1.25
536845,72807C,1,4.25,4.25
536845,21333,1,2.95,2.95
536845,21820,1,3.75,3.75
536845,21821,1,3.75,3.75
536845,22162,1,2.95,2.95
536845,20727,1,1.65,1.65
536845,22619,2,3.75,7.5
536845,21479,1,3.75,3.75
536845,84029G,1,3.75,3.75
536845,21706,1,4.95,4.95
536845,21114,1,1.25,1.25
536845,20725,1,1.65,1.65
536845,22327,1,2.95,2.95
536845,20978,3,1.25,3.75
536845,20979,4,1.25,5.0
536845,22636,1,8.5,8.5
536845,85014A,1,5.95,5.95
536845,20615,1,2.1,2.1
536845,22634,1,9.95,9.95
536845,22271,2,2.95,5.9
536845,21479,2,3.75,7.5
536846,22469,2,1.65,3.3
536846,21754,2,5.95,11.9
536846,22666,1,2.95,2.95
536846,22665,1,2.95,2.95
536846,22667,1,2.95,2.95
536846,22752,2,8.5,17.0
536846,22776,1,9.95,9.95
536846,20914,3,2.95,8.850000000000001
536846,22427,1,5.95,5.95
536846,22794,2,7.95,15.9
536846,22426,1,3.75,3.75
536846,22424,1,12.75,12.75
536846,22367,2,1.95,3.9
536846,21156,2,1.95,3.9
536846,22625,1,8.5,8.5
536846,22624,1,8.5,8.5
536846,22423,1,12.75,12.75
536846,21034,2,0.95,1.9
536846,20728,2,1.65,3.3
536846,22382,2,1.65,3.3
536846,22418,12,0.85,10.2
536846,22470,1,2.95,2.95
536846,22646,1,1.45,1.45
536846,71477,1,3.25,3.25
536846,21912,1,3.75,3.75
536846,22142,1,1.45,1.45
536846,21673,2,1.25,2.5
536846,21669,4,1.25,5.0
536846,21668,2,1.25,2.5
536846,21670,4,1.25,5.0
536846,21671,4,1.25,5.0
536846,47021G,2,1.25,2.5
536846,22834,6,2.1,12.600000000000001
536846,22113,1,3.75,3.75
536846,22443,1,7.95,7.95
536846,22442,1,7.95,7.95
536846,21034,1,0.95,0.95
536846,82494L,2,2.95,5.9
536846,15060B,1,3.75,3.75
536846,22149,1,2.1,2.1
536846,22797,1,16.95,16.95
536846,20681,2,3.25,6.5
536846,22607,1,9.95,9.95
536846,22605,1,14.95,14.95
536846,22505,1,4.95,4.95
536846,22501,1,9.95,9.95
536846,20983,1,0.85,0.85
536846,20982,1,0.85,0.85
536846,20974,1,0.65,0.65
536846,22271,1,2.95,2.95
536846,20971,1,1.25,1.25
536846,20972,1,1.25,1.25
536846,22940,1,4.25,4.25
536846,22750,1,3.75,3.75
536846,22749,1,3.75,3.75
536846,22272,1,2.95,2.95
536846,22751,1,3.75,3.75
536846,22274,1,2.95,2.95
536846,22837,3,4.65,13.950000000000001
536846,21891,2,1.25,2.5
536846,22179,1,6.75,6.75
536846,22468,1,6.75,6.75
536846,21892,3,1.25,3.75
536846,22141,1,2.1,2.1
536846,22180,1,9.95,9.95
536846,20975,6,0.65,3.9000000000000004
536846,20983,4,0.85,3.4
536846,22502,1,5.95,5.95
536846,22766,2,2.95,5.9
536846,22617,2,4.95,9.9
536847,22155,48,0.42,20.16
536847,21807,36,0.42,15.12
536847,22161,24,0.65,15.600000000000001
536847,22065,24,1.45,34.8
536847,20956,12,1.25,15.0
536847,84347,6,2.55,15.299999999999999
536847,21231,24,1.25,30.0
536847,21232,24,1.25,30.0
536847,22067,24,1.65,39.599999999999994
536848,22910,80,2.55,204.0
536848,21930,100,1.65,165.0
536848,21928,100,1.65,165.0
536849,22730,19,3.75,71.25
536849,22727,48,3.75,180.0
536849,22728,39,3.75,146.25
C536850,22942,-48,7.65,-367.20000000000005
C536850,22689,-50,6.75,-337.5
C536850,22591,-50,2.55,-127.49999999999999
C536850,22580,-48,4.95,-237.60000000000002
C536850,22186,-48,2.55,-122.39999999999999
